Workbook

Sheet 28434
A1: Train Number | B1: Train Category | C1: Origin | D1: Destination | E1: Mezzo di trazione | F1: Vel. veicoli e Rango
A2: 28434 | B2: INVIO | C2: PIOLTELLO LIM. | D2: MILANO CERTOSA | E2: ALe 711/710 (2 + 3 | F2: 140 B
A4: Stations | B4: Type of Stop | C4: Arrival time | D4: Departure time | E4: Platform Track Number | F4: EGTRAIN Tracklines
A5: BRESCIA
A6: Ospitaletto T
A7: ROVATO
A8: Chiari
A9: Calcio
A10: Romano
A11: Morengo Bariano
A12: Vidalengo
A13: TREVIGLIO
A14: P.M. Bivio Adda
A15: Bivio Casirate
A16: Melzo
... A18: Vignate
A19: PIOLTELLO LIM. | B19: Origin | D19: -17880 | E19: 1tr | F19: B3
A20: Segrate | B20: Pass | D20: -17760
A21: MILANO LAMBRATE

Sheet 51044-51045
A1: Train Number | B1: Train Category | C1: Origin | D1: Destination | E1: Mezzo di trazione | F1: Vel. veicoli e Rango
A2: 51044-51045 | B2: TCS | C2: MELZO SCALO | D2: LA SPEZIA MIGL. | E2: E483 | F2: 120 A
A4: Stations | B4: Type of Stop | C4: Arrival time | D4: Departure time | E4: Platform Track Number | F4: EGTRAIN Tracklines
A5: BRESCIA
A6: Ospitaletto T
A7: ROVATO
A8: Chiari
A9: Calcio
A10: Romano
A11: Morengo Bariano
A12: Vidalengo
A13: TREVIGLIO
A14: P.M. Bivio Adda
A15: Bivio Casirate
A16: Melzo
A17: MELZO SCALO | B17: Origin | D17: -7320 | E17: 3 | F17: B7
A18: Vignate
A19: PIOLTELLO LIM. | B19: Pass | D19: -7020 | E19: 4 | F19: B4
A20: Segrate
A21: MILANO LAMBRATE

Sheet 51054-51055-51054
A1: Train Number | B1: Train Category | C1: Origin | D1: Destination | E1: Mezzo di trazione | F1: Vel. veicoli e Rango
A2: 51054-51055-51054 | B2: TCS | C2: MELZO SCALO | D2: Ge Voltri FM | E2: E483 | F2: 120 A
A4: Stations | B4: Type of Stop | C4: Arrival time | D4: Departure time | E4: Platform Track Number | F4: EGTRAIN Tracklines
A5: BRESCIA
A6: Ospitaletto T
A7: ROVATO
A8: Chiari
A9: Calcio
A10: Romano
A11: Morengo Bariano
A12: Vidalengo
A13: TREVIGLIO
A14: P.M. Bivio Adda
A15: Bivio Casirate
A16: Melzo
A17: MELZO SCALO | B17: Origin | D17: -6780 | E17: 5 | F17: B9
A18: Vignate
A19: PIOLTELLO LIM. | B19: Pass | D19: -6480 | E19: 4 | F19: B4
A20: Segrate
A21: MILANO LAMBRATE

Sheet 41038
A1: Train Number | B1: Train Category | C1: Origin | D1: Destination | E1: Mezzo di trazione | F1: Vel. veicoli e Rango
A2: 41038 | B2: TEC | C2: MELZO SCALO | D2: CHIASSO SMIST. | E2: E186 | F2: 100 A
A4: Stations | B4: Type of Stop | C4: Arrival time | D4: Departure time | E4: Platform Track Number | F4: EGTRAIN Tracklines
A5: BRESCIA
A6: Ospitaletto T
A7: ROVATO
A8: Chiari
A9: Calcio
A10: Romano
A11: Morengo Bariano
A12: Vidalengo
A13: TREVIGLIO
A14: P.M. Bivio Adda
A15: Bivio Casirate
A16: Melzo
A17: MELZO SCALO | B17: Origin | D17: -4620 | E17: 4 | F17: B8
A18: Vignate
A19: PIOLTELLO LIM. | B19: Pass | D19: -4260 | E19: 4 | F19: B4
A20: Segrate
A21: MILANO LAMBRATE | B21: Pass | D21: -3720

Sheet 2600
A1: Train Number | B1: Train Category | C1: Origin | D1: Destination | E1: Mezzo di trazione | F1: Vel. veicoli e Rango
A2: 2600 | B2: REG | C2: BERGAMO | D2: MILANO CENTRALE | E2: E464 np | F2: 160 B
A4: Stations | B4: Type of Stop | C4: Arrival time | D4: Departure time | E4: Platform Track Number | F4: EGTRAIN Tracklines
A5: BRESCIA
A6: Ospitaletto T
A7: ROVATO
A8: Chiari
A9: Calcio
A10: Romano
A11: Morengo Bariano
A12: Vidalengo
A13: TREVIGLIO
A14: P.M. Bivio Adda | B14: Pass | D14: -2400 | E14: 1 | F14: B12
A15: Bivio Casirate | B15: Pass | D15: -2340
A16: Melzo
A17: MELZO SCALO | B17: Pass | D17: -2100 | E17: 2 | F17: B4
A18: Vignate
A19: PIOLTELLO LIM. | B19: Stop | C19: -1800 | D19: -1740 | E19: 4 | F19: B4
A20: Segrate
A21: MILANO LAMBRATE | B21: Stop | C21: -1260 | D21: -1140

Sheet 41072
A1: Train Number | B1: Train Category | C1: Origin | D1: Destination | E1: Mezzo di trazione | F1: Vel. veicoli e Rango
A2: 41072 | B2: TEC | C2: MELZO SCALO | D2: LUINO | E2: E475 | F2: 100 A
A4: Stations | B4: Type of Stop | C4: Arrival time | D4: Departure time | E4: Platform Track Number | F4: EGTRAIN Tracklines
A5: BRESCIA
A6: Ospitaletto T
A7: ROVATO
A8: Chiari
A9: Calcio
A10: Romano
A11: Morengo Bariano
A12: Vidalengo
A13: TREVIGLIO
A14: P.M. Bivio Adda
A15: Bivio Casirate
A16: Melzo
A17: MELZO SCALO | B17: Origin | D17: -1680 | E17: 4 | F17: B8
A18: Vignate
A19: PIOLTELLO LIM. | B19: Pass | D19: -1380 | E19: 4 | F19: B4
A20: Segrate
A21: MILANO LAMBRATE | B21: Pass | D21: -780

Sheet 10712
A1: Train Number | B1: Train Category | C1: Origin | D1: Destination | E1: Mezzo di trazione | F1: Vel. veicoli e Rango
A2: 10712 | B2: REG | C2: BRESCIA | D2: MI.GRECO PIRELLI | E2: E464 np | F2: 140 B
A4: Stations | B4: Type of Stop | C4: Arrival time | D4: Departure time | E4: Platform Track Number | F4: EGTRAIN Tracklines
A5: BRESCIA | B5: Origin | D5: -4920
A6: Ospitaletto T | B6: Stop | C6: -4500 | D6: -4440 | E6: 2 | F6: B14
A7: ROVATO | B7: Stop | C7: -4140 | D7: -4080 | E7: 3 | F7: B14
A8: Chiari | B8: Stop | C8: -3840 | D8: -3780
A9: Calcio | B9: Stop | C9: -3480 | D9: -3420
A10: Romano | B10: Stop | C10: -3120 | D10: -3060 | E10: 1 | F10: B14
A11: Morengo Bariano | B11: Stop | C11: -2880 | D11: -2820
A12: Vidalengo | B12: Stop | C12: -2580 | D12: -2520
A13: TREVIGLIO | B13: Stop | C13: -2220 | D13: -2100 | E13: 4 | F13: B14
A14: P.M. Bivio Adda | B14: Pass | D14: -1980 | E14: 4 | F14: B1
A15: Bivio Casirate
A16: Melzo | B16: Stop | C16: -1140 | D16: -1080
A17: MELZO SCALO | B17: Pass | D17: -1020 | E17: 2N | F17: B1
A18: Vignate | B18: Stop | C18: -900 | D18: -840
A19: PIOLTELLO LIM. | B19: Stop | C19: -600 | D19: -540 | E19: 2 | F19: B1
A20: Segrate | B20: Pass | D20: -360
A21: MILANO LAMBRATE | B21: Stop | C21: 0 | D21: 120

Sheet 23004
A1: Train Number | B1: Train Category | C1: Origin | D1: Destination | E1: Mezzo di trazione | F1: Vel. veicoli e Rango
A2: 23004 | B2: REG | C2: TREVIGLIO | D2: VARESE | E2: ALe 711/710 (4 + 4 | F2: 140 B
A4: Stations | B4: Type of Stop | C4: Arrival time | D4: Departure time | E4: Platform Track Number | F4: EGTRAIN Tracklines
G6: 71.653
G7: 65.827
G8: 59.778
G9: 53.018
G10: 46.052
G11: 42.117
A12: Entrance on Route | D12: =C18-55 -> 65 | G12: 37.146
A13: TREVIGLIO | B13: Origin | D13: -1200 | E13: 1 | F13: B25 | G13: 33.143
A14: P.M. Bivio Adda | B14: Pass | D14: -1020 | E14: 4 | F14: B1 | G14: 29.25
A15: Bivio Casirate | G15: 27.425
A16: Melzo | B16: Stop | C16: -120 | D16: -60 | G16: 19.6
A17: MELZO SCALO | B17: Pass | D17: 0 | E17: 2N | F17: B1 | G17: 18.75
A18: Vignate | B18: Stop | C18: 120 | D18: 180 | G18: 16.09
A19: PIOLTELLO LIM. | B19: Stop | C19: 420 | D19: 480 | E19: 2 | F19: B1 | G19: 12.31
A20: Segrate | B20: Stop | C20: 660 | D20: 720 | G20: 9.9
A21: MILANO LAMBRATE

Sheet 44730-44731
A1: Train Number | B1: Train Category | C1: Origin | D1: Destination | E1: Mezzo di trazione | F1: Vel. veicoli e Rango
A2: 44730-44731 | B2: MRI | C2: VILLA OPICINA | D2: Cassano Spinola | E2: E483 | F2: 100 A
A4: Stations | B4: Type of Stop | C4: Arrival time | D4: Departure time | E4: Platform Track Number | F4: EGTRAIN Tracklines
A5: BRESCIA | B5: Pass | D5: -4020
A6: Ospitaletto T | B6: Pass | D6: -3540 | E6: 2 | F6: B14
A7: ROVATO | B7: Pass | D7: -3240 | E7: 3 | F7: B14
A8: Chiari | B8: Pass | D8: -2640
A9: Calcio | B9: Pass | D9: -2220
A10: Romano | B10: Pass | D10: -1920 | E10: 1 | F10: B14
A11: Morengo Bariano | B11: Pass | D11: -1680
A12: Vidalengo | B12: Pass | D12: -1380
A13: TREVIGLIO | B13: Pass | D13: -1140 | E13: 6 | F13: B12
A14: P.M. Bivio Adda | B14: Pass | D14: -1020 | E14: 1 | F14: B12
A15: Bivio Casirate | B15: Pass | D15: -900
A16: Melzo
A17: MELZO SCALO | B17: Pass | D17: -600 | E17: 2 | F17: B4
A18: Vignate
A19: PIOLTELLO LIM. | B19: Pass | D19: -300 | E19: 4 | F19: B4
A20: Segrate
A21: MILANO LAMBRATE

Sheet 4900
A1: Train Number | B1: Train Category | C1: Origin | D1: Destination | E1: Mezzo di trazione | F1: Vel. veicoli e Rango
A2: 4900 | B2: REG | C2: BRESCIA | D2: BERGAMO | E2: ALe 582 (1M + 3R) | F2: 140 C
A4: Stations | B4: Type of Stop | C4: Arrival time | D4: Departure time | E4: Platform Track Number | F4: EGTRAIN Tracklines
A5: BRESCIA | B5: Origin | D5: -3780
A6: Ospitaletto T | B6: Stop | C6: -3300 | D6: -3240 | E6: 2 | F6: B14
A7: ROVATO | B7: Stop | C7: -2940 | D7: -2880 | E7: 1 | F7: B27
A8: Chiari
A9: Calcio
A10: Romano
A11: Morengo Bariano
A12: Vidalengo
A13: TREVIGLIO
A14: P.M. Bivio Adda
A15: Bivio Casirate
A16: Melzo
A17: MELZO SCALO
A18: Vignate
A19: PIOLTELLO LIM.
... A21: MILANO LAMBRATE

Sheet 56064
A1: Train Number | B1: Train Category | C1: Origin | D1: Destination | E1: Mezzo di trazione | F1: Vel. veicoli e Rango
A2: 56064 | B2: TC | C2: PESCARA | D2: NOVARA BOSCHETTO | E2: E483 | F2: 120 A
A4: Stations | B4: Type of Stop | C4: Arrival time | D4: Departure time | E4: Platform Track Number | F4: EGTRAIN Tracklines
A5: BRESCIA | B5: Pass | D5: -3480
A6: Ospitaletto T | B6: Pass | D6: -2940 | E6: 2 | F6: B14
A7: ROVATO | B7: Pass | D7: -2640 | E7: 3 | F7: B14
A8: Chiari | B8: Pass | D8: -2280
A9: Calcio | B9: Pass | D9: -1920
A10: Romano | B10: Pass | D10: -1620 | E10: 1 | F10: B14
A11: Morengo Bariano | B11: Pass | D11: -1380
A12: Vidalengo | B12: Pass | D12: -1080
A13: TREVIGLIO | B13: Pass | D13: -840 | E13: 6 | F13: B12
A14: P.M. Bivio Adda | B14: Pass | D14: -720 | E14: 1 | F14: B12
A15: Bivio Casirate | B15: Pass | D15: -600
A16: Melzo
A17: MELZO SCALO | B17: Pass | D17: -300 | E17: 2 | F17: B4
A18: Vignate
A19: PIOLTELLO LIM. | B19: Pass | D19: 0 | E19: 4 | F19: B4
A20: Segrate
A21: MILANO LAMBRATE | B21: Pass | D21: 420

Sheet 10450
A1: Train Number | B1: Train Category | C1: Origin | D1: Destination | E1: Mezzo di trazione | F1: Vel. veicoli e Rango
A2: 10450 | B2: REG | C2: CREMONA | D2: MI.P.GARIBALDI | E2: E464 np | F2: 160 B
A4: Stations | B4: Type of Stop | C4: Arrival time | D4: Departure time | E4: Platform Track Number | F4: EGTRAIN Tracklines
A5: BRESCIA
A6: Ospitaletto T | G6: 71.653
A7: ROVATO | G7: 65.827
A8: Chiari | G8: 59.778
A9: Calcio | G9: 53.018
A10: Romano | G10: 46.052
A11: Morengo Bariano | G11: 42.117
A12: Route origin | D12: =C13-65 -> 115 | G12: 37.146
A13: TREVIGLIO | B13: Stop | C13: 180 | D13: 300 | E13: 7 | F13: B16 | G13: 33.143
A14: P.M. Bivio Adda | B14: Pass | D14: 480 | E14: 1 | F14: B12 | G14: 29.25
A15: Bivio Casirate | B15: Pass | D15: 600 | G15: 27.425
A16: Melzo | G16: 19.6
A17: MELZO SCALO | B17: Pass | D17: 900 | E17: 2 | F17: B4 | G17: 18.75
A18: Vignate | G18: 16.09
A19: PIOLTELLO LIM. | B19: Pass | D19: 1080 | E19: 4 | F19: B4 | G19: 12.31
A20: Segrate | G20: 9.9
A21: MILANO LAMBRATE | B21: Stop | C21: 1380 | D21: 1500

Sheet 23006
A1: Train Number | B1: Train Category | C1: Origin | D1: Destination | E1: Mezzo di trazione | F1: Vel. veicoli e Rango
A2: 23006 | B2: REG | C2: TREVIGLIO | D2: VARESE | E2: ALe 711/710 (2 + 3 | F2: 140 B
A4: Stations | B4: Type of Stop | C4: Arrival time | D4: Departure time | E4: Platform Track Number | F4: EGTRAIN Tracklines
G6: 71.653
G7: 65.827
G8: 59.778
G9: 53.018
G10: 46.052
G11: 42.117
A12: Entrance on route | D12: 531 | G12: 37.146
A13: TREVIGLIO | B13: Origin | D13: 600 | E13: 2 | F13: B26 | G13: 33.143
A14: P.M. Bivio Adda | B14: Pass | D14: 780 | E14: 4 | F14: B1 | G14: 29.25
A15: Bivio Casirate | G15: 27.425
A16: Melzo | B16: Stop | C16: 1680 | D16: 1740 | G16: 19.6
A17: MELZO SCALO | B17: Pass | D17: 1800 | E17: 2N | F17: B1 | G17: 18.75
A18: Vignate | B18: Stop | C18: 1920 | D18: 1980 | G18: 16.09
A19: PIOLTELLO LIM. | B19: Stop | C19: 2220 | D19: 2280 | E19: 2 | F19: B1 | G19: 12.31
A20: Segrate | B20: Stop | C20: 2460 | D20: 2520 | G20: 9.9
A21: MILANO LAMBRATE

Sheet 2602
A1: Train Number | B1: Train Category | C1: Origin | D1: Destination | E1: Mezzo di trazione | F1: Vel. veicoli e Rango
A2: 2602 | B2: REG | C2: BERGAMO | D2: MILANO CENTRALE | E2: E464 np | F2: 160 B
A4: Stations | B4: Type of Stop | C4: Arrival time | D4: Departure time | E4: Platform Track Number | F4: EGTRAIN Tracklines
A5: BRESCIA
A6: Ospitaletto T | G6: 71.653
A7: ROVATO | G7: 65.827
A8: Chiari | G8: 59.778
A9: Calcio | G9: 53.018
A10: Romano | G10: 46.052
A11: Morengo Bariano | G11: 42.117
A12: Entrance on Route | C12: =819-115 -> 704 | D12: =C19-C12 -> 1096 | G12: 37.146
A13: TREVIGLIO | G13: 33.143
A14: P.M. Bivio Adda | B14: Pass | D14: 1140 | E14: 1 | F14: B12 | G14: 29.25
A15: Bivio Casirate | B15: Pass | D15: 1260 | G15: 27.425
A16: Melzo | G16: 19.6
A17: MELZO SCALO | B17: Pass | D17: 1500 | E17: 2 | F17: B4 | G17: 18.75
A18: Vignate | G18: 16.09
A19: PIOLTELLO LIM. | B19: Stop | C19: 1800 | D19: 1860 | E19: 4 | F19: B4 | G19: 12.31
A20: Segrate | G20: 9.9
A21: MILANO LAMBRATE | B21: Stop | C21: 2340 | D21: 2460

Sheet 4902
A1: Train Number | B1: Train Category | C1: Origin | D1: Destination | E1: Mezzo di trazione | F1: Vel. veicoli e Rango
A2: 4902 | B2: REG | C2: BRESCIA | D2: BERGAMO | E2: ALe 582 (1M + 3R) | F2: 140 C
A4: Stations | B4: Type of Stop | C4: Arrival time | D4: Departure time | E4: Platform Track Number | F4: EGTRAIN Tracklines
A5: BRESCIA | B5: Origin | D5: -2340
A6: Ospitaletto T | B6: Stop | C6: -1860 | D6: -1800 | E6: 2 | F6: B14 | G6: 71.653
A7: ROVATO | B7: Stop | C7: -1500 | D7: -1440 | E7: 1 | F7: B27 | G7: 65.827
A8: Chiari | G8: 59.778
A9: Calcio | G9: 53.018
A10: Romano | G10: 46.052
A11: Morengo Bariano | G11: 42.117
A12: Vidalengo | G12: 37.146
A13: TREVIGLIO | G13: 33.143
A14: P.M. Bivio Adda | G14: 29.25
A15: Bivio Casirate | G15: 27.425
A16: Melzo | G16: 19.6
A17: MELZO SCALO | G17: 18.75
A18: Vignate | G18: 16.09
A19: PIOLTELLO LIM. | G19: 12.31
A20: Segrate | G20: 9.9
A21: MILANO LAMBRATE

Sheet 2096
A1: Train Number | B1: Train Category | C1: Origin | D1: Destination | E1: Mezzo di trazione | F1: Vel. veicoli e Rango
A2: 2096 | B2: REG | C2: BRESCIA | D2: MILANO CENTRALE | E2: E464 np | F2: 160 B
A4: Stations | B4: Type of Stop | C4: Arrival time | D4: Departure time | E4: Platform Track Number | F4: EGTRAIN Tracklines
A5: Entrance on route | D5: 13
A6: BRESCIA | B6: Origin | D6: -480
A7: Ospitaletto T | B7: Pass | D7: 60 | E7: 2 | F7: B14 | G7: 71.653
A8: ROVATO | B8: Stop | C8: 360 | D8: 420 | E8: 3 | F8: B14 | G8: 65.827
A9: Chiari | B9: Stop | C9: 660 | D9: 720 | G9: 59.778
A10: Calcio | B10: Pass | D10: 960 | G10: 53.018
A11: Romano | B11: Stop | C11: 1200 | D11: 1260 | E11: 1 | F11: B14 | G11: 46.052
A12: Morengo Bariano | B12: Pass | D12: 1440 | G12: 42.117
A13: Vidalengo | B13: Pass | D13: 1620 | G13: 37.146
A14: TREVIGLIO | B14: Stop | C14: 1860 | D14: 1980 | E14: 6 | F14: B12 | G14: 33.143
A15: P.M. Bivio Adda | B15: Pass | D15: 2100 | E15: 1 | F15: B12 | G15: 29.25
A16: Bivio Casirate | B16: Pass | D16: 2220 | G16: 27.425
A17: Melzo | G17: 19.6
A18: MELZO SCALO | B18: Pass | D18: 2460 | E18: 2 | F18: B4 | G18: 18.75
A19: Vignate | G19: 16.09
A20: PIOLTELLO LIM. | B20: Pass | D20: 2640 | E20: 4 | F20: B4 | G20: 12.31
A21: Segrate | G21: 9.9
A22: MILANO LAMBRATE | B22: Stop | C22: 3060 | D22: 3180

Sheet 4904
A1: Train Number | B1: Train Category | C1: Origin | D1: Destination | E1: Mezzo di trazione | F1: Vel. veicoli e Rango
A2: 4904 | B2: REG | C2: BRESCIA | D2: BERGAMO | E2: E464 np | F2: 140 B
A4: Stations | B4: Type of Stop | C4: Arrival time | D4: Departure time | E4: Platform Track Number | F4: EGTRAIN Tracklines
A5: EntranceonRoute | D5: =300-264 -> 36
A6: BRESCIA | B6: Origin | D6: -180
A7: Ospitaletto T | B7: Stop | C7: 300 | D7: 360 | E7: 2 | F7: B14
A8: ROVATO | B8: Stop | C8: 660 | D8: 720 | E8: 1 | F8: B27
A9: Chiari
A10: Calcio
A11: Romano
A12: Morengo Bariano
A13: Vidalengo
A14: TREVIGLIO
A15: P.M. Bivio Adda
A16: Bivio Casirate
A17: Melzo
A18: MELZO SCALO
A19: Vignate
A20: PIOLTELLO LIM.
... A22: MILANO LAMBRATE

Sheet 53214-53215-53214
A1: Train Number | B1: Train Category | C1: Origin | D1: Destination | E1: Mezzo di trazione | F1: Vel. veicoli e Rango
A2: 53214-53215-53214 | B2: TC | C2: PD INTERPORTO | D2: Ge Voltri FM | E2: E652 | F2: 100 A
A4: Stations | B4: Type of Stop | C4: Arrival time | D4: Departure time | E4: Platform Track Number | F4: EGTRAIN Tracklines
A5: EntranceonRoute | D5: =336-127 -> 209
A6: BRESCIA | B6: Pass | D6: 60
A7: Ospitaletto T | B7: Pass | D7: 600 | E7: 2 | F7: B14 | G7: 71.653
A8: ROVATO | B8: Pass | D8: 900 | E8: 3 | F8: B14 | G8: 65.827
A9: Chiari | B9: Pass | D9: 1140 | G9: 59.778
A10: Calcio | B10: Pass | D10: 1380 | G10: 53.018
A11: Romano | B11: Pass | D11: 1680 | E11: 1 | F11: B14 | G11: 46.052
A12: Morengo Bariano | B12: Pass | D12: 1860 | G12: 42.117
A13: Vidalengo | B13: Pass | D13: 2040 | G13: 37.146
A14: TREVIGLIO | B14: Pass | D14: 2220 | E14: 5 | F14: B11 | G14: 33.143
A15: P.M. Bivio Adda | B15: Pass | D15: 2400 | E15: 1 | F15: B12 | G15: 29.25
A16: Bivio Casirate | B16: Pass | D16: 2520 | G16: 27.425
A17: Melzo | G17: 19.6
A18: MELZO SCALO | B18: Pass | D18: 2820 | E18: 2 | F18: B4 | G18: 18.75
A19: Vignate | G19: 16.09
A20: PIOLTELLO LIM. | B20: Pass | D20: 3060 | E20: 4 | F20: B4 | G20: 12.31
A21: Segrate | G21: 9.9
A22: MILANO LAMBRATE

Sheet 10604
A1: Train Number | B1: Train Category | C1: Origin | D1: Destination | E1: Mezzo di trazione | F1: Vel. veicoli e Rango
A2: 10604 | B2: REG | C2: PIOLTELLO LIM. | D2: NOVARA | E2: ALe 711/710 (2 + 3 | F2: 140 B
A4: Stations | B4: Type of Stop | C4: Arrival time | D4: Departure time | E4: Platform Track Number | F4: EGTRAIN Tracklines
A5: BRESCIA
A6: Ospitaletto T | G6: 71.653
A7: ROVATO | G7: 65.827
A8: Chiari | G8: 59.778
A9: Calcio | G9: 53.018
A10: Romano | G10: 46.052
A11: Morengo Bariano | G11: 42.117
A12: Vidalengo | G12: 37.146
A13: TREVIGLIO | G13: 33.143
A14: P.M. Bivio Adda | G14: 29.25
A15: Bivio Casirate | G15: 27.425
A16: Melzo | G16: 19.6
A17: MELZO SCALO | G17: 18.75
A18: Origin onRoute | D18: =C20-126 -> 3234 | G18: 16.09
A19: PIOLTELLO LIM. | B19: Origin | D19: 3180 | E19: 1tr | F19: B3 | G19: 12.152
A20: Segrate | B20: Stop | C20: 3360 | D20: 3420 | G20: 9.9
A21: MILANO LAMBRATE

Sheet 23008
A1: Train Number | B1: Train Category | C1: Origin | D1: Destination | E1: Mezzo di trazione | F1: Vel. veicoli e Rango
A2: 23008 | B2: REG | C2: TREVIGLIO | D2: VARESE | E2: ALe 711/710 (2 + 3 | F2: 140 B
A4: Stations | B4: Type of Stop | C4: Arrival time | D4: Departure time | E4: Platform Track Number | F4: EGTRAIN Tracklines
A5: BRESCIA
A6: Ospitaletto T | G6: 71.653
A7: ROVATO | G7: 65.827
A8: Chiari | G8: 59.778
A9: Calcio | G9: 53.018
A10: Romano | G10: 46.052
A11: Morengo Bariano | G11: 42.117
A12: Entrance onRoute | D12: =531+1800 -> 2331 | G12: 37.146
A13: TREVIGLIO | B13: Origin | D13: 2400 | E13: 1 | F13: B25 | G13: 33.143
A14: P.M. Bivio Adda | B14: Pass | D14: 2580 | E14: 4 | F14: B1 | G14: 29.25
A15: Bivio Casirate | G15: 27.425
A16: Melzo | B16: Stop | C16: 3480 | D16: 3540 | G16: 19.6
A17: MELZO SCALO | B17: Pass | D17: 3600 | E17: 2N | F17: B1 | G17: 18.75
A18: Vignate | B18: Stop | C18: 3720 | D18: 3780 | G18: 16.09
A19: PIOLTELLO LIM. | B19: Stop | C19: 4020 | D19: 4080 | E19: 2 | F19: B1 | G19: 12.152
A20: Segrate | B20: Stop | C20: 4260 | D20: 4320 | G20: 9.9
A21: MILANO LAMBRATE

Sheet 10452
A1: Train Number | B1: Train Category | C1: Origin | D1: Destination | E1: Mezzo di trazione | F1: Vel. veicoli e Rango
A2: 10452 | B2: REG | C2: CREMONA | D2: MI.P.GARIBALDI | E2: E464 np | F2: 160 B
A4: Stations | B4: Type of Stop | C4: Arrival time | D4: Departure time | E4: Platform Track Number | F4: EGTRAIN Tracklines
A5: BRESCIA
A6: Ospitaletto T
A7: ROVATO
A8: Chiari
A9: Calcio
A10: Romano
A11: Morengo Bariano
A12: EntranceonRoute | D12: =115+H13 -> 2395
A13: TREVIGLIO | B13: Stop | C13: 2460 | D13: 2580 | E13: 7 | F13: B16 | H13: =C13-180 -> 2280
A14: P.M. Bivio Adda | B14: Pass | D14: 2760 | E14: 1 | F14: B12
A15: Bivio Casirate | B15: Pass | D15: 2820
A16: Melzo
A17: MELZO SCALO | B17: Pass | D17: 3120 | E17: 2 | F17: B4
A18: Vignate
A19: PIOLTELLO LIM. | B19: Pass | D19: 3300 | E19: 4 | F19: B4
A20: Segrate
A21: MILANO LAMBRATE | B21: Stop | C21: 3840 | D21: 3960

Sheet 10800
A1: Train Number | B1: Train Category | C1: Origin | D1: Destination | E1: Mezzo di trazione | F1: Vel. veicoli e Rango
A2: 10800 | B2: REG | C2: BERGAMO | D2: MI.P.GARIBALDI | E2: E464 np | F2: 140 B
A4: Stations | B4: Type of Stop | C4: Arrival time | D4: Departure time | E4: Platform Track Number | F4: EGTRAIN Tracklines
A5: BRESCIA
A6: Ospitaletto T | G6: 71.653
A7: ROVATO | G7: 65.827
A8: Chiari | G8: 59.778
A9: Calcio | G9: 53.018
A10: Romano | G10: 46.052
A11: Morengo Bariano | G11: 42.117
A12: EntranceonRoute | D12: =D14-197 -> 2923 | G12: 37.146
A13: TREVIGLIO | G13: 33.143
A14: P.M. Bivio Adda | B14: Pass | D14: 3120 | E14: 1 | F14: B12 | G14: 29.25
A15: Bivio Casirate | B15: Pass | D15: 3180 | G15: 27.425
A16: Melzo | G16: 19.6
A17: MELZO SCALO | B17: Pass | D17: 3420 | E17: 2 | F17: B4 | G17: 18.75
A18: Vignate | G18: 16.09
A19: PIOLTELLO LIM. | B19: Stop | C19: 3600 | D19: 3660 | E19: 2 | F19: B1 | G19: 12.152
A20: Segrate | B20: Pass | D20: 3840 | G20: 9.9
A21: MILANO LAMBRATE | B21: Stop | C21: 4440 | D21: 4560

Sheet 10714
A1: Train Number | B1: Train Category | C1: Origin | D1: Destination | E1: Mezzo di trazione | F1: Vel. veicoli e Rango
A2: 10714 | B2: REG | C2: BRESCIA | D2: MI.GRECO PIRELLI | E2: E464 np | F2: 140 B
A4: Stations | B4: Type of Stop | C4: Arrival time | D4: Departure time | E4: Platform Track Number | F4: EGTRAIN Tracklines
A5: EntranceonRoute | D5: =C7-264 -> 576
A6: BRESCIA | B6: Origin | D6: 360
A7: Ospitaletto T | B7: Stop | C7: 840 | D7: 900 | E7: 2 | F7: B14 | G7: 71.653
A8: ROVATO | B8: Stop | C8: 1200 | D8: 1260 | E8: 3 | F8: B14 | G8: 65.827
A9: Chiari | B9: Stop | C9: 1500 | D9: 1560 | G9: 59.778
A10: Calcio | B10: Stop | C10: 1800 | D10: 1860 | G10: 53.018
A11: Romano | B11: Stop | C11: 2160 | D11: 2220 | E11: 1 | F11: B14 | G11: 46.052
A12: Morengo Bariano | B12: Stop | C12: 2460 | D12: 2520 | G12: 42.117
A13: Vidalengo | B13: Stop | C13: 2760 | D13: 2820 | G13: 37.146
A14: TREVIGLIO | B14: Stop | C14: 3120 | D14: 3240 | E14: 6 | F14: B12 | G14: 33.143
A15: P.M. Bivio Adda | B15: Pass | D15: 3360 | E15: 1 | F15: B12 | G15: 29.25
A16: Bivio Casirate | B16: Pass | D16: 3420 | G16: 27.425
A17: Melzo | G17: 19.6
A18: MELZO SCALO | B18: Pass | D18: 3660 | E18: 2 | F18: B4 | G18: 18.75
A19: Vignate | G19: 16.09
A20: PIOLTELLO LIM. | B20: Stop | C20: 3900 | D20: 3960 | E20: 4 | F20: B4 | G20: 12.152
A21: Segrate | G21: 9.9
A22: MILANO LAMBRATE | B22: Stop | C22: 4680 | D22: 4800

Sheet 4906
A1: Train Number | B1: Train Category | C1: Origin | D1: Destination | E1: Mezzo di trazione | F1: Vel. veicoli e Rango
A2: 4906 | B2: REG | C2: BRESCIA | D2: BERGAMO | E2: E464 np | F2: 160 B
A4: Stations | B4: Type of Stop | C4: Arrival time | D4: Departure time | E4: Platform Track Number | F4: EGTRAIN Tracklines
A5: Entrance'OnRoute | D5: =D7-225 -> 1215
A6: BRESCIA | B6: Origin | D6: 1020
A7: Ospitaletto T | B7: Pass | D7: 1440 | E7: 2 | F7: B14
A8: ROVATO | B8: Stop | C8: 1680 | D8: 1740 | E8: 1 | F8: B27
A9: Chiari
A10: Calcio
A11: Romano
A12: Morengo Bariano
A13: Vidalengo
A14: TREVIGLIO
A15: P.M. Bivio Adda
A16: Bivio Casirate
A17: Melzo
A18: MELZO SCALO
A19: Vignate
A20: PIOLTELLO LIM.
... A22: MILANO LAMBRATE

Sheet 2054
A1: Train Number | B1: Train Category | C1: Origin | D1: Destination | E1: Mezzo di trazione | F1: Vel. veicoli e Rango
A2: 2054 | B2: REG | C2: VERONA P.NUOVA | D2: MILANO CENTRALE | E2: E464 np | F2: 160 B
A4: Stations | B4: Type of Stop | C4: Arrival time | D4: Departure time | E4: Platform Track Number | F4: EGTRAIN Tracklines
A5: Entrance OnRoute | D5: =D7-225 -> 1815
A6: BRESCIA | B6: Stop | C6: 1560 | D6: 1680
A7: Ospitaletto T | B7: Pass | D7: 2040 | E7: 2 | F7: B14 | G7: 71.653
A8: ROVATO | B8: Stop | C8: 2220 | D8: 2280 | E8: 3 | F8: B14 | G8: 65.827
A9: Chiari | B9: Stop | C9: 2580 | D9: 2640 | G9: 59.778
A10: Calcio | B10: Pass | D10: 2880 | G10: 53.018
A11: Romano | B11: Stop | C11: 3120 | D11: 3180 | E11: 1 | F11: B14 | G11: 46.052
A12: Morengo Bariano | B12: Pass | D12: 3360 | G12: 42.117
A13: Vidalengo | B13: Pass | D13: 3540 | G13: 37.146
A14: TREVIGLIO | B14: Stop | C14: 3780 | D14: 3900 | E14: 6 | F14: B12 | G14: 33.143
A15: P.M. Bivio Adda | B15: Pass | D15: 4080 | E15: 1 | F15: B12 | G15: 29.25
A16: Bivio Casirate | B16: Pass | D16: 4200 | G16: 27.425
A17: Melzo | G17: 19.6
A18: MELZO SCALO | B18: Pass | D18: 4440 | E18: 2 | F18: B4 | G18: 18.75
A19: Vignate | G19: 16.09
A20: PIOLTELLO LIM. | B20: Stop | C20: 4680 | D20: 4740 | E20: 4 | F20: B4 | G20: 12.152
A21: Segrate | G21: 9.9
A22: MILANO LAMBRATE | B22: Stop | C22: 5160 | D22: 5280

Sheet 233-232
A1: Train Number | B1: Train Category | C1: Origin | D1: Destination | E1: Mezzo di trazione | F1: Vel. veicoli e Rango
A2: 233-232 | B2: EN | C2: TARVISIO BOSCOV. | D2: MI.P.GARIBALDI | E2: E402 (101-180) | F2: 200 C
A4: Stations | B4: Type of Stop | C4: Arrival time | D4: Departure time | E4: Platform Track Number | F4: EGTRAIN Tracklines
A5: EntranceonRoute | D5: =D7-237 -> 2283
A6: BRESCIA | B6: Stop | C6: 1920 | D6: 2040
A7: Ospitaletto T | B7: Pass | D7: 2520 | E7: 2 | F7: B14 | G7: 71.653
A8: ROVATO | B8: Pass | D8: 2760 | E8: 3 | F8: B14 | G8: 65.827
A9: Chiari | B9: Pass | D9: 3060 | G9: 59.778
A10: Calcio | B10: Pass | D10: 3300 | G10: 53.018
A11: Romano | B11: Pass | D11: 3540 | E11: 1 | F11: B14 | G11: 46.052
A12: Morengo Bariano | B12: Pass | D12: 3720 | G12: 42.117
A13: Vidalengo | B13: Pass | D13: 3960 | G13: 37.146
A14: TREVIGLIO | B14: Pass | D14: 4260 | E14: 6 | F14: B12 | G14: 33.143
A15: P.M. Bivio Adda | B15: Pass | D15: 4380 | E15: 1 | F15: B12 | G15: 29.25
A16: Bivio Casirate | B16: Pass | D16: 4500 | G16: 27.425
A17: Melzo | G17: 19.6
A18: MELZO SCALO | B18: Pass | D18: 4800 | E18: 2 | F18: B4 | G18: 18.75
A19: Vignate | G19: 16.09
A20: PIOLTELLO LIM. | B20: Pass | D20: 5040 | E20: 4 | F20: B4 | G20: 12.152
A21: Segrate | G21: 9.9
A22: MILANO LAMBRATE | B22: Stop | C22: 5520 | D22: 5640

Sheet 10716
A1: Train Number | B1: Train Category | C1: Origin | D1: Destination | E1: Mezzo di trazione | F1: Vel. veicoli e Rango
A2: 10716 | B2: REG | C2: BRESCIA | D2: MI.GRECO PIRELLI | E2: E464 np | F2: 140 B
A4: Stations | B4: Type of Stop | C4: Arrival time | D4: Departure time | E4: Platform Track Number | F4: EGTRAIN Tracklines
A5: EntranceonRoute | D5: =C7-'10714'!C7+'10714'!D5 -> 2496
A6: BRESCIA | B6: Origin | D6: 2280
A7: Ospitaletto T | B7: Stop | C7: 2760 | D7: 2820 | E7: 2 | F7: B14 | G7: 71.653
A8: ROVATO | B8: Stop | C8: 3120 | D8: 3180 | E8: 3 | F8: B14 | G8: 65.827
A9: Chiari | B9: Stop | C9: 3420 | D9: 3480 | G9: 59.778
A10: Calcio | B10: Stop | C10: 3780 | D10: 3840 | G10: 53.018
A11: Romano | B11: Stop | C11: 4140 | D11: 4200 | E11: 1 | F11: B14 | G11: 46.052
A12: Morengo Bariano | B12: Stop | C12: 4440 | D12: 4500 | G12: 42.117
A13: Vidalengo | B13: Stop | C13: 4740 | D13: 4800 | G13: 37.146
A14: TREVIGLIO | B14: Stop | C14: 5100 | D14: 5220 | E14: 6 | F14: B12 | G14: 33.143
A15: P.M. Bivio Adda | B15: Pass | D15: 5400 | E15: 1 | F15: B12 | G15: 29.25
A16: Bivio Casirate | B16: Pass | D16: 5460 | G16: 27.425
A17: Melzo | G17: 19.6
A18: MELZO SCALO | B18: Pass | D18: 5700 | E18: 2 | F18: B4 | G18: 18.75
A19: Vignate | G19: 16.09
A20: PIOLTELLO LIM. | B20: Stop | C20: 5940 | D20: 6000 | E20: 4 | F20: B4 | G20: 12.152
A21: Segrate | G21: 9.9
A22: MILANO LAMBRATE | B22: Stop | C22: 6540 | D22: 6660

Sheet 9604-9609
A1: Train Number | B1: Train Category | C1: Origin | D1: Destination | E1: Mezzo di trazione | F1: Vel. veicoli e Rango
A2: 9604-9609 | B2: ES* | C2: BRESCIA | D2: NAPOLI CENTRALE | E2: ETR 500 AV | F2: 300 C
A4: Stations | B4: Type of Stop | C4: Arrival time | D4: Departure time | E4: Platform Track Number | F4: EGTRAIN Tracklines
A5: EntranceOnRoute | D5: =D16-970 -> 2810
A6: BRESCIA | B6: Origin | D6: 2520
A7: Ospitaletto T | G7: 71.653
A8: ROVATO | G8: 65.827
A9: Chiari | G9: 59.778
A10: Calcio | G10: 53.018
A11: Romano | G11: 46.052
A12: Morengo Bariano | G12: 42.117
A13: Vidalengo | G13: 37.146
A14: TREVIGLIO | G14: 33.143
A15: P.M. Bivio Adda | G15: 29.25
A16: Bivio Casirate | B16: Pass | D16: 3780 | G16: 27.425
A17: Melzo | G17: 19.6
A18: MELZO SCALO | B18: Pass | D18: 4020 | E18: 2 | F18: B4 | G18: 18.75
A19: Vignate | G19: 16.09
A20: PIOLTELLO LIM. | B20: Pass | D20: 4140 | E20: 4 | F20: B4 | G20: 12.152
A21: Segrate | G21: 9.9
A22: MILANO LAMBRATE | B22: Pass | D22: 4380

Sheet 10606
A1: Train Number | B1: Train Category | C1: Origin | D1: Destination | E1: Mezzo di trazione | F1: Vel. veicoli e Rango
A2: 10606 | B2: REG | C2: TREVIGLIO | D2: NOVARA | E2: ALe 711/710 (2 + 3 | F2: 140 B
A4: Stations | B4: Type of Stop | C4: Arrival time | D4: Departure time | E4: Platform Track Number | F4: EGTRAIN Tracklines
G6: 71.653
G7: 65.827
G8: 59.778
G9: 53.018
G10: 46.052
G11: 42.117
A12: EntranceonRoute | D12: =D13-39-30 -> 3231 | G12: 37.146
A13: TREVIGLIO | B13: Origin | D13: 3300 | E13: 2 | F13: B26 | G13: 33.143
A14: P.M. Bivio Adda | B14: Pass | D14: 3480 | E14: 4 | F14: B1 | G14: 29.25
A15: Bivio Casirate | G15: 27.425
A16: Melzo | B16: Stop | C16: 4380 | D16: 4440 | G16: 19.6
A17: MELZO SCALO | B17: Pass | D17: 4500 | E17: 2N | F17: B1 | G17: 18.75
A18: Vignate | B18: Stop | C18: 4620 | D18: 4680 | G18: 16.09
A19: PIOLTELLO LIM. | B19: Stop | C19: 4920 | D19: 4980 | E19: 2 | F19: B1 | G19: 12.152
A20: Segrate | B20: Stop | C20: 5160 | D20: 5220 | G20: 9.9
A21: MILANO LAMBRATE

Sheet 23010
A1: Train Number | B1: Train Category | C1: Origin | D1: Destination | E1: Mezzo di trazione | F1: Vel. veicoli e Rango
A2: 23010 | B2: REG | C2: TREVIGLIO | D2: VARESE | E2: ALe 711/710 (2 + 3 | F2: 140 B
A4: Stations | B4: Type of Stop | C4: Arrival time | D4: Departure time | E4: Platform Track Number | F4: EGTRAIN Tracklines
A12: OriginOnRoute | D12: =D13-'23008'!D13+'23008'!D12 -> 4131
A13: TREVIGLIO | B13: Origin | D13: 4200 | E13: 1 | F13: B25
A14: P.M. Bivio Adda | B14: Pass | D14: 4380 | E14: 4 | F14: B1
A15: Bivio Casirate
A16: Melzo | B16: Stop | C16: 5280 | D16: 5340
A17: MELZO SCALO | B17: Pass | D17: 5400 | E17: 2N | F17: B1
A18: Vignate | B18: Stop | C18: 5520 | D18: 5580
A19: PIOLTELLO LIM. | B19: Stop | C19: 5820 | D19: 5880 | E19: 2 | F19: B1
A20: Segrate | B20: Stop | C20: 6060 | D20: 6120
A21: MILANO LAMBRATE

Sheet 2604
A1: Train Number | B1: Train Category | C1: Origin | D1: Destination | E1: Mezzo di trazione | F1: Vel. veicoli e Rango
A2: 2604 | B2: REG | C2: BERGAMO | D2: MILANO CENTRALE | E2: E464 np | F2: 160 B
A4: Stations | B4: Type of Stop | C4: Arrival time | D4: Departure time | E4: Platform Track Number | F4: EGTRAIN Tracklines
G6: 71.653
G7: 65.827
G8: 59.778
G9: 53.018
G10: 46.052
G11: 42.117
A12: EntranceOnRoute | D12: =C19-'2602'!C19+'2602'!D12 -> 4696 | G12: 37.146
A13: TREVIGLIO | G13: 33.143
A14: P.M. Bivio Adda | B14: Pass | D14: 4740 | E14: 1 | F14: B12 | G14: 29.25
A15: Bivio Casirate | B15: Pass | D15: 4860 | G15: 27.425
A16: Melzo | G16: 19.6
A17: MELZO SCALO | B17: Pass | D17: 5100 | E17: 2 | F17: B4 | G17: 18.75
A18: Vignate | G18: 16.09
A19: PIOLTELLO LIM. | B19: Stop | C19: 5400 | D19: 5460 | E19: 4 | F19: B4 | G19: 12.152
A20: Segrate | G20: 9.9
A21: MILANO LAMBRATE | B21: Stop | C21: 5940 | D21: 6060

Sheet 10456
A1: Train Number | B1: Train Category | C1: Origin | D1: Destination | E1: Mezzo di trazione | F1: Vel. veicoli e Rango
A2: 10456 | B2: REG | C2: CREMONA | D2: MILANO CERTOSA | E2: E464 np | F2: 160 B
A4: Stations | B4: Type of Stop | C4: Arrival time | D4: Departure time | E4: Platform Track Number | F4: EGTRAIN Tracklines
G6: 71.653
G7: 65.827
G8: 59.778
G9: 53.018
G10: 46.052
G11: 42.117
A12: EntranceOnRoute | D12: ='10456'!C13-'10452'!C13+'10452'!D12 -> 4735 | G12: 37.146
A13: TREVIGLIO | B13: Stop | C13: 4800 | D13: 4920 | E13: 7 | F13: B16 | G13: 33.143
A14: P.M. Bivio Adda | B14: Pass | D14: 5100 | E14: 1 | F14: B12 | G14: 29.25
A15: Bivio Casirate | B15: Pass | D15: 5160 | G15: 27.425
A16: Melzo | G16: 19.6
A17: MELZO SCALO | B17: Pass | D17: 5400 | E17: 2 | F17: B4 | G17: 18.75
A18: Vignate | G18: 16.09
A19: PIOLTELLO LIM. | B19: Pass | D19: 5640 | E19: 2 | F19: B1 | G19: 12.152
A20: Segrate | B20: Pass | D20: 5760 | G20: 9.9
A21: MILANO LAMBRATE | B21: Stop | C21: 6240 | D21: 6360

Sheet 10610
A1: Train Number | B1: Train Category | C1: Origin | D1: Destination | E1: Mezzo di trazione | F1: Vel. veicoli e Rango
A2: 10610 | B2: REG | C2: TREVIGLIO | D2: NOVARA | E2: ALe 711/710 (2 + 3 | F2: 140 B
A4: Stations | B4: Type of Stop | C4: Arrival time | D4: Departure time | E4: Platform Track Number | F4: EGTRAIN Tracklines
G6: 71.653
G7: 65.827
G8: 59.778
G9: 53.018
G10: 46.052
G11: 42.117
A12: EntranceOnRoute | D12: =C16-'10606'!C16+'10606'!D12 -> 5031 | G12: 37.146
A13: TREVIGLIO | B13: Origin | D13: 5100 | E13: 2 | F13: B26 | G13: 33.143
A14: P.M. Bivio Adda | B14: Pass | D14: 5280 | E14: 4 | F14: B1 | G14: 29.25
A15: Bivio Casirate | G15: 27.425
A16: Melzo | B16: Stop | C16: 6180 | D16: 6240 | G16: 19.6
A17: MELZO SCALO | B17: Pass | D17: 6300 | E17: 2N | F17: B1 | G17: 18.75
A18: Vignate | B18: Stop | C18: 6420 | D18: 6480 | G18: 16.09
A19: PIOLTELLO LIM. | B19: Stop | C19: 6720 | D19: 6780 | E19: 2 | F19: B1 | G19: 12.152
A20: Segrate | B20: Stop | C20: 6960 | D20: 7020 | G20: 9.9
A21: MILANO LAMBRATE

Sheet Sheet1
A1: Train | B1: Line | C1: RevRoute | D1: Corridor | E1: 0 | F1: 1 | G1: 2 | H1: 3 | I1: 4 | J1: 5 | K1: 6 | L1: 7 | M1: 8 | N1: 9 | O1: 10 | P1: 11 | Q1: 12 | R1: 13 | S1: 14 | T1: 15 | U1: 16 | V1: 17 | W1: 18 | X1: 19 | Y1: 20 | Z1: 21 | AA1: 22 | AB1: 23 | AC1: 24 | AD1: 25 | AE1: 26 | AF1: 27 | AG1: 28 | AH1: 29 | AI1: 30 | AJ1: 31 | AK1: 32 | AL1: 33 | AM1: 34 | AN1: 35 | AO1: 36 | AP1: 37 | AQ1: 38 | AR1: 39 | AS1: 40 | AT1: 41 | AU1: 42 | AV1: 43 | AW1: 44 | AX1: 45 | AY1: 46 | AZ1: 47 | BA1: 48 | BB1: 49 | BC1: 50 | BD1: 51 | BE1: 52 | BF1: 53 | BG1: 54 | BH1: 55 | BI1: 56 | BJ1: 57 | BK1: 58 | BL1: 59 | BM1: 60 | BN1: 61 | BO1: 62 | BP1: 63 | BQ1: 64 | BR1: 65 | BS1: 66 | BT1: 67 | BU1: 68 | BV1: 69 | BW1: 70 | BX1: 71 | BY1: 72 | BZ1: 73 | CA1: 74 | CB1: 75 | CC1: 76 | CD1: 77 | CE1: 78 | CF1: 79 | CG1: 80 | CH1: 81 | CI1: 82 | CJ1: 83 | CK1: 84 | CL1: 85 | CM1: 86 | CN1: 87 | CO1: 88 | CP1: 89 | CQ1: 90 | CR1: 91 | CS1: 92 | CT1: 93 | CU1: 94 | CV1: 95 | CW1: 96 | CX1: 97 | CY1: 98 | CZ1: 99 | DA1: 100 | DB1: 101 | DC1: 102 | DD1: 103 | DE1: 104 | DF1: 105 | DG1: 106 | DH1: 107 | DI1: 108 | DJ1: 109 | DK1: 110 | DL1: 111 | DM1: 112 | DN1: 113 | DO1: 114 | DP1: 115 | DQ1: 116 | DR1: 117 | DS1: 118 | DT1: 119 | DU1: 120 | DV1: 121 | DW1: 122 | DX1: 123 | DY1: 124 | DZ1: 125 | EA1: 126 | EB1: 127 | EC1: 128 | ED1: 129 | EE1: 130 | EF1: 131 | EG1: 132 | EH1: 133 | EI1: 134 | EJ1: 135 | EK1: 136 | EL1: 137 | EM1: 138 | EN1: 139 | EO1: 140 | EP1: 141 | EQ1: 142 | ER1: 143 | ES1: 144 | ET1: 145 | EU1: 146 | EV1: 147 | EW1: 148 | EX1: 149 | EY1: 150 | EZ1: 151 | FA1: 152 | FB1: 153 | FC1: 154 | FD1: 155 | FE1: 156 | FF1: 157 | FG1: 158 | FH1: 159 | FI1: 160 | FJ1: 161 | FK1: 162 | FL1: 163 | FM1: 164 | FN1: 165 | FO1: 166 | FP1: 167 | FQ1: 168 | FR1: 169 | FS1: 170 | FT1: 171 | FU1: 172 | FV1: 173 | FW1: 174 | FX1: 175 | FY1: 176 | FZ1: 177 | GA1: 178 | GB1: 179 | GC1: 180 | GD1: 181 | GE1: 182 | GF1: 183 | GG1: 184 | GH1: 185 | GI1: 186 | GJ1: 187 | GK1: 188 | GL1: 189 | GM1: 190 | GN1: 191 | GO1: 192 | GP1: 193 | GQ1: 194 | GR1: 195 | GS1: 196 | GT1: 197 | GU1: 198 | GV1: 199 | GW1: 200 | GX1: 201 | GY1: 202 | GZ1: 203 | HA1: 204 | HB1: 205 | HC1: 206 | HD1: 207 | HE1: 208 | HF1: 209 | HG1: 210 | HH1: 211 | HI1: 212 | HJ1: 213 | HK1: 214 | HL1: 215 | HM1: 216 | HN1: 217 | HO1: 218 | HP1: 219 | HQ1: 220 | HR1: 221 | HS1: 222 | HT1: 223 | HU1: 224 | HV1: 225 | HW1: 226 | HX1: 227 | HY1: 228 | HZ1: 229 | IA1: 230 | IB1: 231 | IC1: 232 | ID1: 233 | IE1: 234 | IF1: 235 | IG1: 236 | IH1: 237 | II1: 238 | IJ1: 239 | IK1: 240 | IL1: 241 | IM1: 242 | IN1: 243 | IO1: 244 | IP1: 245 | IQ1: 246 | IR1: 247 | IS1: 248 | IT1: 249 | IU1: 250 | IV1: 251 | IW1: 252 | IX1: 253 | IY1: 254 | IZ1: 255 | JA1: 256 | JB1: 257 | JC1: 258 | JD1: 259 | JE1: 260 | JF1: 261 | JG1: 262 | JH1: 263 | JI1: 264 | JJ1: 265 | JK1: 266 | JL1: 267 | JM1: 268 | JN1: 269 | JO1: 270 | JP1: 271 | JQ1: 272 | JR1: 273 | JS1: 274 | JT1: 275 | JU1: 276 | JV1: 277 | JW1: 278 | JX1: 279 | JY1: 280 | JZ1: 281 | KA1: 282 | KB1: 283 | KC1: 284 | KD1: 285 | KE1: 286 | KF1: 287 | KG1: 288 | KH1: 289 | KI1: 290 | KJ1: 291 | KK1: 292 | KL1: 293 | KM1: 294 | KN1: 295 | KO1: 296 | KP1: 297 | KQ1: 298 | KR1: 299 | KS1: 300 | KT1: 301 | KU1: 302 | KV1: 303 | KW1: 304 | KX1: 305 | KY1: 306 | KZ1: 307 | LA1: 308 | LB1: 309 | LC1: 310 | LD1: 311 | LE1: 312 | LF1: 313 | LG1: 314 | LH1: 315 | LI1: 316 | LJ1: 317 | LK1: 318 | LL1: 319 | LM1: 320 | LN1: 321 | LO1: 322 | LP1: 323 | LQ1: 324 | LR1: 325 | LS1: 326 | LT1: 327 | LU1: 328 | LV1: 329 | LW1: 330 | LX1: 331 | LY1: 332 | LZ1: 333 | MA1: 334 | MB1: 335 | MC1: 336 | MD1: 337 | ME1: 338 | MF1: 339 | MG1: 340 | MH1: 341 | MI1: 342 | MJ1: 343 | MK1: 344 | ML1: 345 | MM1: 346 | MN1: 347 | MO1: 348 | MP1: 349 | MQ1: 350 | MR1: 351 | MS1: 352 | MT1: 353 | MU1: 354 | MV1: 355 | MW1: 356 | MX1: 357 | MY1: 358 | MZ1: 359 | NA1: 360 | NB1: 361 | NC1: 362 | ND1: 363 | NE1: 364 | NF1: 365 | NG1: 366 | NH1: 367 | NI1: 368 | NJ1: 369 | NK1: 370 | NL1: 371 | NM1: 372 | NN1: 373 | NO1: 374 | NP1: 375 | NQ1: 376 | NR1: 377 | NS1: 378 | NT1: 379 | NU1: 380 | NV1: 381 | NW1: 382 | NX1: 383 | NY1: 384 | NZ1: 385 | OA1: 386 | OB1: 387 | OC1: 388 | OD1: 389 | OE1: 390 | OF1: 391 | OG1: 392 | OH1: 393 | OI1: 394 | OJ1: 395 | OK1: 396 | OL1: 397 | OM1: 398 | ON1: 399 | OO1: 400 | OP1: 401 | OQ1: 402 | OR1: 403 | OS1: 404 | OT1: 405 | OU1: 406 | OV1: 407 | OW1: 408 | OX1: 409 | OY1: 410 | OZ1: 411 | PA1: 412 | PB1: 413 | PC1: 414 | PD1: 415 | PE1: 416 | PF1: 417 | PG1: 418 | PH1: 419 | PI1: 420 | PJ1: 421 | PK1: 422 | PL1: 423 | PM1: 424 | PN1: 425 | PO1: 426 | PP1: 427 | PQ1: 428 | PR1: 429 | PS1: 430 | PT1: 431 | PU1: 432 | PV1: 433 | PW1: 434 | PX1: 435 | PY1: 436 | PZ1: 437 | QA1: 438 | QB1: 439 | QC1: 440 | QD1: 441 | QE1: 442 | QF1: 443 | QG1: 444 | QH1: 445 | QI1: 446 | QJ1: 447 | QK1: 448 | QL1: 449 | QM1: 450 | QN1: 451 | QO1: 452 | QP1: 453 | QQ1: 454 | QR1: 455 | QS1: 456 | QT1: 457 | QU1: 458 | QV1: 459 | QW1: 460 | QX1: 461 | QY1: 462 | QZ1: 463 | RA1: 464 | RB1: 465 | RC1: 466 | RD1: 467 | RE1: 468 | RF1: 469 | RG1: 470 | RH1: 471 | RI1: 472 | RJ1: 473 | RK1: 474 | RL1: 475 | RM1: 476 | RN1: 477 | RO1: 478 | RP1: 479 | RQ1: 480 | RR1: 481 | RS1: 482 | RT1: 483 | RU1: 484 | RV1: 485 | RW1: 486 | RX1: 487 | RY1: 488 | RZ1: 489 | SA1: 490 | SB1: 491 | SC1: 492 | SD1: 493 | SE1: 494 | SF1: 495 | SG1: 496 | SH1: 497 | SI1: 498 | SJ1: 499 | SK1: 500 | SL1: 501 | SM1: 502 | SN1: 503 | SO1: 504 | SP1: 505 | SQ1: 506 | SR1: 507 | SS1: 508 | ST1: 509 | SU1: 510 | SV1: 511 | SW1: 512 | SX1: 513 | SY1: 514 | SZ1: 515 | TA1: 516 | TB1: 517 | TC1: 518 | TD1: 519 | TE1: 520 | TF1: 521 | TG1: 522 | TH1: 523 | TI1: 524 | TJ1: 525 | TK1: 526 | TL1: 527 | TM1: 528 | TN1: 529 | TO1: 530 | TP1: 531 | TQ1: 532 | TR1: 533 | TS1: 534 | TT1: 535 | TU1: 536 | TV1: 537 | TW1: 538 | TX1: 539 | TY1: 540 | TZ1: 541 | UA1: 542 | UB1: 543 | UC1: 544 | UD1: 545 | UE1: 546 | UF1: 547 | UG1: 548 | UH1: 549 | UI1: 550 | UJ1: 551 | UK1: 552 | UL1: 553 | UM1: 554 | UN1: 555 | UO1: 556 | UP1: 557 | UQ1: 558 | UR1: 559 | US1: 560 | UT1: 561 | UU1: 562 | UV1: 563 | UW1: 564 | UX1: 565 | UY1: 566 | UZ1: 567 | VA1: 568 | VB1: 569 | VC1: 570 | VD1: 571 | VE1: 572 | VF1: 573 | VG1: 574 | VH1: 575 | VI1: 576 | VJ1: 577 | VK1: 578 | VL1: 579 | VM1: 580 | VN1: 581 | VO1: 582 | VP1: 583 | VQ1: 584 | VR1: 585 | VS1: 586 | VT1: 587 | VU1: 588 | VV1: 589 | VW1: 590 | VX1: 591 | VY1: 592 | VZ1: 593 | WA1: 594 | WB1: 595 | WC1: 596 | WD1: 597 | WE1: 598 | WF1: 599 | WG1: 600 | WH1: 601 | WI1: 602 | WJ1: 603 | WK1: 604 | WL1: 605 | WM1: 606 | WN1: 607 | WO1: 608 | WP1: 609 | WQ1: 610 | WR1: 611 | WS1: 612 | WT1: 613 | WU1: 614 | WV1: 615 | WW1: 616 | WX1: 617 | WY1: 618 | WZ1: 619 | XA1: 620 | XB1: 621 | XC1: 622 | XD1: 623 | XE1: 624 | XF1: 625 | XG1: 626 | XH1: 627 | XI1: 628 | XJ1: 629 | XK1: 630 | XL1: 631 | XM1: 632 | XN1: 633 | XO1: 634 | XP1: 635 | XQ1: 636 | XR1: 637 | XS1: 638 | XT1: 639 | XU1: 640 | XV1: 641 | XW1: 642 | XX1: 643 | XY1: 644 | XZ1: 645 | YA1: 646 | YB1: 647 | YC1: 648 | YD1: 649 | YE1: 650 | YF1: 651 | YG1: 652 | YH1: 653 | YI1: 654 | YJ1: 655 | YK1: 656 | YL1: 657 | YM1: 658 | YN1: 659 | YO1: 660 | YP1: 661 | YQ1: 662 | YR1: 663 | YS1: 664 | YT1: 665 | YU1: 666 | YV1: 667 | YW1: 668 | YX1: 669 | YY1: 670 | YZ1: 671 | ZA1: 672 | ZB1: 673 | ZC1: 674 | ZD1: 675 | ZE1: 676 | ZF1: 677 | ZG1: 678 | ZH1: 679 | ZI1: 680 | ZJ1: 681 | ZK1: 682 | ZL1: 683 | ZM1: 684 | ZN1: 685 | ZO1: 686 | ZP1: 687 | ZQ1: 688 | ZR1: 689 | ZS1: 690 | ZT1: 691 | ZU1: 692 | ZV1: 693 | ZW1: 694 | ZX1: 695 | ZY1: 696 | ZZ1: 697 | AAA1: 698 | AAB1: 699 | AAC1: 700 | AAD1: 701 | AAE1: 702 | AAF1: 703 | AAG1: 704 | AAH1: 705 | AAI1: 706 | AAJ1: 707 | AAK1: 708 | AAL1: 709 | AAM1: 710 | AAN1: 711 | AAO1: 712 | AAP1: 713 | AAQ1: 714 | AAR1: 715 | AAS1: 716 | AAT1: 717 | AAU1: 718 | AAV1: 719 | AAW1: 720 | AAX1: 721 | AAY1: 722 | AAZ1: 723 | ABA1: 724 | ABB1: 725 | ABC1: 726 | ABD1: 727 | ABE1: 728 | ABF1: 729 | ABG1: 730 | ABH1: 731 | ABI1: 732 | ABJ1: 733 | ABK1: 734 | ABL1: 735 | ABM1: 736 | ABN1: 737 | ABO1: 738 | ABP1: 739 | ABQ1: 740 | ABR1: 741 | ABS1: 742 | ABT1: 743 | ABU1: 744 | ABV1: 745 | ABW1: 746 | ABX1: 747 | ABY1: 748 | ABZ1: 749 | ACA1: 750 | ACB1: 751 | ACC1: 752 | ACD1: 753 | ACE1: 754 | ACF1: 755 | ACG1: 756 | ACH1: 757 | ACI1: 758 | ACJ1: 759 | ACK1: 760 | ACL1: 761 | ACM1: 762 | ACN1: 763 | ACO1: 764 | ACP1: 765 | ACQ1: 766 | ACR1: 767 | ACS1: 768 | ACT1: 769 | ACU1: 770 | ACV1: 771 | ACW1: 772 | ACX1: 773 | ACY1: 774 | ACZ1: 775 | ADA1: 776 | ADB1: 777 | ADC1: 778 | ADD1: 779 | ADE1: 780 | ADF1: 781 | ADG1: 782 | ADH1: 783 | ADI1: 784 | ADJ1: 785 | ADK1: 786 | ADL1: 787 | ADM1: 788 | ADN1: 789 | ADO1: 790 | ADP1: 791 | ADQ1: 792 | ADR1: 793 | ADS1: 794 | ADT1: 795 | ADU1: 796 | ADV1: 797 | ADW1: 798 | ADX1: 799 | ADY1: 800 | ADZ1: 801 | AEA1: 802 | AEB1: 803 | AEC1: 804 | AED1: 805 | AEE1: 806 | AEF1: 807 | AEG1: 808 | AEH1: 809 | AEI1: 810 | AEJ1: 811 | AEK1: 812 | AEL1: 813 | AEM1: 814 | AEN1: 815 | AEO1: 816 | AEP1: 817 | AEQ1: 818 | AER1: 819 | AES1: 820 | AET1: 821 | AEU1: 822 | AEV1: 823 | AEW1: 824 | AEX1: 825 | AEY1: 826 | AEZ1: 827 | AFA1: 828 | AFB1: 829 | AFC1: 830 | AFD1: 831 | AFE1: 832 | AFF1: 833 | AFG1: 834 | AFH1: 835 | AFI1: 836 | AFJ1: 837 | AFK1: 838 | AFL1: 839 | AFM1: 840 | AFN1: 841 | AFO1: 842 | AFP1: 843 | AFQ1: 844 | AFR1: 845 | AFS1: 846 | AFT1: 847 | AFU1: 848 | AFV1: 849 | AFW1: 850 | AFX1: 851 | AFY1: 852 | AFZ1: 853 | AGA1: 854 | AGB1: 855 | AGC1: 856 | AGD1: 857 | AGE1: 858 | AGF1: 859 | AGG1: 860 | AGH1: 861 | AGI1: 862 | AGJ1: 863 | AGK1: 864 | AGL1: 865 | AGM1: 866 | AGN1: 867 | AGO1: 868 | AGP1: 869 | AGQ1: 870 | AGR1: 871 | AGS1: 872 | AGT1: 873 | AGU1: 874 | AGV1: 875 | AGW1: 876 | AGX1: 877 | AGY1: 878 | AGZ1: 879 | AHA1: 880 | AHB1: 881 | AHC1: 882 | AHD1: 883 | AHE1: 884 | AHF1: 885 | AHG1: 886 | AHH1: 887 | AHI1: 888 | AHJ1: 889 | AHK1: 890 | AHL1: 891 | AHM1: 892 | AHN1: 893 | AHO1: 894 | AHP1: 895 | AHQ1: 896 | AHR1: 897 | AHS1: 898 | AHT1: 899 | AHU1: 900 | AHV1: 901 | AHW1: 902 | AHX1: 903 | AHY1: 904 | AHZ1: 905 | AIA1: 906 | AIB1: 907 | AIC1: 908 | AID1: 909 | AIE1: 910 | AIF1: 911 | AIG1: 912 | AIH1: 913 | AII1: 914 | AIJ1: 915 | AIK1: 916 | AIL1: 917 | AIM1: 918 | AIN1: 919 | AIO1: 920 | AIP1: 921 | AIQ1: 922 | AIR1: 923 | AIS1: 924 | AIT1: 925 | AIU1: 926 | AIV1: 927 | AIW1: 928 | AIX1: 929 | AIY1: 930 | AIZ1: 931 | AJA1: 932 | AJB1: 933 | AJC1: 934 | AJD1: 935 | AJE1: 936 | AJF1: 937 | AJG1: 938 | AJH1: 939 | AJI1: 940 | AJJ1: 941 | AJK1: 942 | AJL1: 943 | AJM1: 944 | AJN1: 945 | AJO1: 946 | AJP1: 947 | AJQ1: 948 | AJR1: 949 | AJS1: 950 | AJT1: 951 | AJU1: 952 | AJV1: 953 | AJW1: 954 | AJX1: 955 | AJY1: 956 | AJZ1: 957 | AKA1: 958 | AKB1: 959 | AKC1: 960 | AKD1: 961 | AKE1: 962 | AKF1: 963 | AKG1: 964 | AKH1: 965 | AKI1: 966 | AKJ1: 967 | AKK1: 968 | AKL1: 969 | AKM1: 970 | AKN1: 971 | AKO1: 972 | AKP1: 973 | AKQ1: 974 | AKR1: 975 | AKS1: 976 | AKT1: 977 | AKU1: 978 | AKV1: 979 | AKW1: 980 | AKX1: 981 | AKY1: 982 | AKZ1: 983 | ALA1: 984 | ALB1: 985 | ALC1: 986 | ALD1: 987 | ALE1: 988 | ALF1: 989 | ALG1: 990 | ALH1: 991 | ALI1: 992 | ALJ1: 993 | ALK1: 994 | ALL1: 995 | ALM1: 996 | ALN1: 997 | ALO1: 998 | ALP1: 999
A2: TRAIN_AV1-1 | B2: 0 | C2: 0 | D2: A | E2: 0 | F2: 0 | G2: 0 | H2: 0 | I2: 0 | J2: 0 | K2: 0 | L2: 0 | M2: 0 | N2: 0 | O2: 0 | P2: 0 | Q2: 0 | R2: 0 | S2: 0 | T2: 0 | U2: 0 | V2: 0 | W2: 0 | X2: 0 | Y2: 0 | Z2: 0 | AA2: 0 | AB2: 0 | AC2: 0 | AD2: 0 | AE2: 0 | AF2: 0 | AG2: 0 | AH2: 0 | AI2: 0 | AJ2: 0 | AK2: 0 | AL2: 0 | AM2: 0 | AN2: 0 | AO2: 0 | AP2: 0 | AQ2: 0 | AR2: 0 | AS2: 0 | AT2: 0 | AU2: 0 | AV2: 0 | AW2: 0 | AX2: 0 | AY2: 0 | AZ2: 0 | BA2: 0 | BB2: 0 | BC2: 0 | BD2: 0 | BE2: 0 | BF2: 0 | BG2: 0 | BH2: 0 | BI2: 0 | BJ2: 0 | BK2: 0 | BL2: 0 | BM2: 0 | BN2: 0 | BO2: 0 | BP2: 0 | BQ2: 0 | BR2: 0 | BS2: 0 | BT2: 0 | BU2: 0 | BV2: 0 | BW2: 0 | BX2: 0 | BY2: 0 | BZ2: 0 | CA2: 0 | CB2: 0 | CC2: 0 | CD2: 0 | CE2: 0 | CF2: 0 | CG2: 0 | CH2: 0 | CI2: 0 | CJ2: 0 | CK2: 0 | CL2: 0 | CM2: 0 | CN2: 0 | CO2: 0 | CP2: 0 | CQ2: 0 | CR2: 0 | CS2: 0 | CT2: 0 | CU2: 0 | CV2: 0 | CW2: 0 | CX2: 0 | CY2: 0 | CZ2: 0 | DA2: 0 | DB2: 0.745503 | DC2: 2.23598 | DD2: 4.47084 | DE2: 7.4494 | DF2: 11.1709 | DG2: 15.6345 | DH2: 20.8393 | DI2: 26.7844 | DJ2: 33.4686 | DK2: 40.8908 | DL2: 49.0498 | DM2: 57.9444 | DN2: 67.5731 | DO2: 77.9346 | DP2: 88.9451 | DQ2: 100.581 | DR2: 112.82 | DS2: 125.64 | DT2: 139.022 | DU2: 152.946 | DV2: 167.394 | DW2: 182.349 | DX2: 197.795 | DY2: 213.715 | DZ2: 230.096 | EA2: 246.922 | EB2: 264.181 | EC2: 281.859 | ED2: 299.944 | EE2: 318.425 | EF2: 337.289 | EG2: 356.527 | EH2: 376.127 | EI2: 396.08 | EJ2: 416.377 | EK2: 437.008 | EL2: 457.964 | EM2: 479.237 | EN2: 500.819 | EO2: 522.702 | EP2: 544.879 | EQ2: 567.342 | ER2: 590.085 | ES2: 613.1 | ET2: 636.381 | EU2: 659.923 | EV2: 683.718 | EW2: 707.762 | EX2: 732.048 | EY2: 756.571 | EZ2: 781.326 | FA2: 806.308 | FB2: 831.512 | FC2: 856.933 | FD2: 882.567 | FE2: 908.409 | FF2: 934.455 | FG2: 960.7 | FH2: 987.141 | FI2: 1013.77 | FJ2: 1040.59 | FK2: 1067.6 | FL2: 1094.78 | FM2: 1122.15 | FN2: 1149.68 | FO2: 1177.39 | FP2: 1205.26 | FQ2: 1233.3 | FR2: 1261.5 | FS2: 1289.86 | FT2: 1318.37 | FU2: 1347.04 | FV2: 1375.86 | FW2: 1404.82 | FX2: 1433.93 | FY2: 1463.18 | FZ2: 1492.57 | GA2: 1522.1 | GB2: 1551.76 | GC2: 1581.55 | GD2: 1611.48 | GE2: 1641.54 | GF2: 1671.72 | GG2: 1702.02 | GH2: 1732.45 | GI2: 1763 | GJ2: 1793.67 | GK2: 1824.45 | GL2: 1855.35 | GM2: 1886.37 | GN2: 1917.49 | GO2: 1948.73 | GP2: 1980.07 | GQ2: 2011.52 | GR2: 2043.07 | GS2: 2074.73 | GT2: 2106.48 | GU2: 2138.34 | GV2: 2170.29 | GW2: 2202.34 | GX2: 2234.49 | GY2: 2266.73 | GZ2: 2299.07 | HA2: 2331.49 | HB2: 2364.01 | HC2: 2396.62 | HD2: 2429.32 | HE2: 2462.1 | HF2: 2494.98 | HG2: 2527.93 | HH2: 2560.97 | HI2: 2594.1 | HJ2: 2627.31 | HK2: 2660.59 | HL2: 2693.95 | HM2: 2727.39 | HN2: 2760.91 | HO2: 2794.49 | HP2: 2828.16 | HQ2: 2861.89 | HR2: 2895.69 | HS2: 2929.57 | HT2: 2963.51 | HU2: 2997.52 | HV2: 3031.6 | HW2: 3065.74 | HX2: 3099.96 | HY2: 3134.23 | HZ2: 3168.58 | IA2: 3202.98 | IB2: 3237.45 | IC2: 3271.99 | ID2: 3306.58 | IE2: 3341.24 | IF2: 3375.96 | IG2: 3410.74 | IH2: 3445.58 | II2: 3480.48 | IJ2: 3515.44 | IK2: 3550.46 | IL2: 3585.53 | IM2: 3620.66 | IN2: 3655.84 | IO2: 3691.09 | IP2: 3726.39 | IQ2: 3761.74 | IR2: 3797.15 | IS2: 3832.62 | IT2: 3868.14 | IU2: 3903.72 | IV2: 3939.35 | IW2: 3975.03 | IX2: 4010.77 | IY2: 4046.56 | IZ2: 4082.4 | JA2: 4118.28 | JB2: 4154.22 | JC2: 4190.21 | JD2: 4226.25 | JE2: 4262.33 | JF2: 4298.46 | JG2: 4334.64 | JH2: 4370.87 | JI2: 4407.14 | JJ2: 4443.46 | JK2: 4479.82 | JL2: 4516.23 | JM2: 4552.69 | JN2: 4589.19 | JO2: 4625.73 | JP2: 4662.31 | JQ2: 4698.94 | JR2: 4735.61 | JS2: 4772.32 | JT2: 4809.08 | JU2: 4845.88 | JV2: 4882.71 | JW2: 4919.59 | JX2: 4956.51 | JY2: 4993.46 | JZ2: 5030.46 | KA2: 5067.49 | KB2: 5104.57 | KC2: 5141.68 | KD2: 5178.84 | KE2: 5216.03 | KF2: 5253.26 | KG2: 5290.53 | KH2: 5327.83 | KI2: 5365.17 | KJ2: 5402.55 | KK2: 5439.97 | KL2: 5477.42 | KM2: 5514.9 | KN2: 5552.43 | KO2: 5589.99 | KP2: 5627.58 | KQ2: 5665.21 | KR2: 5702.87 | KS2: 5740.57 | KT2: 5778.31 | KU2: 5816.07 | KV2: 5853.87 | KW2: 5891.71 | KX2: 5929.57 | KY2: 5967.47 | KZ2: 6005.41 | LA2: 6043.37 | LB2: 6081.37 | LC2: 6119.4 | LD2: 6157.46 | LE2: 6195.55 | LF2: 6233.67 | LG2: 6271.83 | LH2: 6310.01 | LI2: 6348.23 | LJ2: 6386.47 | LK2: 6424.75 | LL2: 6463.05 | LM2: 6501.39 | LN2: 6539.75 | LO2: 6578.15 | LP2: 6616.57 | LQ2: 6655.02 | LR2: 6693.5 | LS2: 6732.01 | LT2: 6770.54 | LU2: 6809.1 | LV2: 6847.7 | LW2: 6886.31 | LX2: 6924.96 | LY2: 6963.63 | LZ2: 7002.33 | MA2: 7041.06 | MB2: 7079.81 | MC2: 7118.59 | MD2: 7157.4 | ME2: 7196.23 | MF2: 7235.09 | MG2: 7273.97 | MH2: 7312.87 | MI2: 7351.8 | MJ2: 7390.74 | MK2: 7429.71 | ML2: 7468.7 | MM2: 7507.72 | MN2: 7546.75 | MO2: 7585.81 | MP2: 7624.88 | MQ2: 7663.98 | MR2: 7703.09 | MS2: 7742.23 | MT2: 7781.38 | MU2: 7820.55 | MV2: 7859.75 | MW2: 7898.96 | MX2: 7938.18 | MY2: 7977.42 | MZ2: 8016.69 | NA2: 8055.96 | NB2: 8095.26 | NC2: 8134.58 | ND2: 8173.92 | NE2: 8213.28 | NF2: 8252.66 | NG2: 8292.07 | NH2: 8331.5 | NI2: 8370.94 | NJ2: 8410.41 | NK2: 8449.91 | NL2: 8489.42 | NM2: 8528.95 | NN2: 8568.51 | NO2: 8608.09 | NP2: 8647.68 | NQ2: 8687.3 | NR2: 8726.94 | NS2: 8766.6 | NT2: 8806.28 | NU2: 8845.98 | NV2: 8885.71 | NW2: 8925.45 | NX2: 8965.21 | NY2: 9004.99 | NZ2: 9044.79 | OA2: 9084.6 | OB2: 9124.44 | OC2: 9164.3 | OD2: 9204.17 | OE2: 9244.07 | OF2: 9283.98 | OG2: 9323.91 | OH2: 9363.86 | OI2: 9403.83 | OJ2: 9443.82 | OK2: 9483.82 | OL2: 9523.84 | OM2: 9563.88 | ON2: 9603.94 | OO2: 9644.01 | OP2: 9684.09 | OQ2: 9724.2 | OR2: 9764.32 | OS2: 9804.45 | OT2: 9844.6 | OU2: 9884.77 | OV2: 9924.96 | OW2: 9965.16 | OX2: 10005.4 | OY2: 10045.6 | OZ2: 10085.9 | PA2: 10126.1 | PB2: 10166.4 | PC2: 10206.7 | PD2: 10247 | PE2: 10287.4 | PF2: 10327.7 | PG2: 10368.1 | PH2: 10408.5 | PI2: 10448.9 | PJ2: 10489.3 | PK2: 10529.7 | PL2: 10570.1 | PM2: 10610.6 | PN2: 10651 | PO2: 10691.5 | PP2: 10732 | PQ2: 10772.5 | PR2: 10813 | PS2: 10853.6 | PT2: 10894.1 | PU2: 10934.7 | PV2: 10975.3 | PW2: 11015.9 | PX2: 11056.5 | PY2: 11097.2 | PZ2: 11137.8 | QA2: 11178.5 | QB2: 11219.2 | QC2: 11259.8 | QD2: 11300.6 | QE2: 11341.3 | QF2: 11382 | QG2: 11422.8 | QH2: 11463.5 | QI2: 11504.3 | QJ2: 11545.1 | QK2: 11585.9 | QL2: 11626.8 | QM2: 11667.6 | QN2: 11708.5 | QO2: 11749.3 | QP2: 11790.2 | QQ2: 11831.1 | QR2: 11872 | QS2: 11912.9 | QT2: 11953.9 | QU2: 11994.8 | QV2: 12035.8 | QW2: 12076.8 | QX2: 12117.8 | QY2: 12158.8 | QZ2: 12199.8 | RA2: 12240.8 | RB2: 12281.9 | RC2: 12322.9 | RD2: 12364 | RE2: 12405.1 | RF2: 12446.2 | RG2: 12487.3 | RH2: 12528.4 | RI2: 12569.6 | RJ2: 12610.7 | RK2: 12651.9 | RL2: 12693 | RM2: 12725.3 | RN2: 12750.8 | RO2: 12790.7 | RP2: 12829.9 | RQ2: 12868.3 | RR2: 12905.9 | RS2: 12942.9 | RT2: 12979 | RU2: 13014.4 | RV2: 13049.1 | RW2: 13083.1 | RX2: 13116.3 | RY2: 13148.8 | RZ2: 13180.6 | SA2: 13211.6 | SB2: 13242 | SC2: 13271.6 | SD2: 13300.5 | SE2: 13328.7 | SF2: 13356.3 | SG2: 13383.1 | SH2: 13409.2 | SI2: 13434.6 | SJ2: 13459.4 | SK2: 13483.4 | SL2: 13506.8 | SM2: 13529.5 | SN2: 13551.5 | SO2: 13572.8 | SP2: 13593.4 | SQ2: 13613.4 | SR2: 13632.7 | SS2: 13651.4 | ST2: 13669.4 | SU2: 13686.7 | SV2: 13703.4 | SW2: 13719.4 | SX2: 13734.7 | SY2: 13749.4 | SZ2: 13763.5 | TA2: 13776.8 | TB2: 13789.6 | TC2: 13801.7 | TD2: 13813.1 | TE2: 13823.9 | TF2: 13834.1 | TG2: 13843.6 | TH2: 13852.5 | TI2: 13860.7 | TJ2: 13868.3 | TK2: 13875.3 | TL2: 13881.6 | TM2: 13887.3 | TN2: 13892.3 | TO2: 13896.8 | TP2: 13900.5 | TQ2: 13903.7 | TR2: 13906.2 | TS2: 13908.1 | TT2: 13909.4 | TU2: 13910 | TV2: 13910 | TW2: 13910 | TX2: 13910 | TY2: 13910 | TZ2: 13910.7 | UA2: 13912.2 | UB2: 13914.5 | UC2: 13917.5 | UD2: 13921.2 | UE2: 13925.6 | UF2: 13930.8 | UG2: 13936.8 | UH2: 13943.5 | UI2: 13950.9 | UJ2: 13959.1 | UK2: 13967.9 | UL2: 13977.6 | UM2: 13987.9 | UN2: 13998.9 | UO2: 14010.6 | UP2: 14022.8 | UQ2: 14035.6 | UR2: 14049 | US2: 14062.9 | UT2: 14077.4 | UU2: 14092.4 | UV2: 14107.8 | UW2: 14123.7 | UX2: 14140.1 | UY2: 14156.9 | UZ2: 14174.2 | VA2: 14191.9 | VB2: 14209.9 | VC2: 14228.4 | VD2: 14247.3 | VE2: 14266.5 | VF2: 14286.1 | VG2: 14306.1 | VH2: 14326.4 | VI2: 14347 | VJ2: 14368 | VK2: 14389.2 | VL2: 14410.8 | VM2: 14432.7 | VN2: 14454.9 | VO2: 14477.3 | VP2: 14500.1 | VQ2: 14523.1 | VR2: 14546.4 | VS2: 14569.9 | VT2: 14593.7 | VU2: 14617.8 | VV2: 14642.1 | VW2: 14666.6 | VX2: 14691.3 | VY2: 14716.3 | VZ2: 14741.5 | WA2: 14766.9 | WB2: 14792.6 | WC2: 14818.4 | WD2: 14844.5 | WE2: 14870.7 | WF2: 14897.1 | WG2: 14923.8 | WH2: 14950.6 | WI2: 14977.6 | WJ2: 15004.8 | WK2: 15032.2 | WL2: 15059.7 | WM2: 15087.4 | WN2: 15115.3 | WO2: 15143.3 | WP2: 15171.5 | WQ2: 15199.9 | WR2: 15228.4 | WS2: 15257 | WT2: 15285.9 | WU2: 15314.8 | WV2: 15343.9 | WW2: 15373.2 | WX2: 15402.6 | WY2: 15432.1 | WZ2: 15461.8 | XA2: 15491.6 | XB2: 15521.5 | XC2: 15551.5 | XD2: 15581.7 | XE2: 15612 | XF2: 15642.5 | XG2: 15673 | XH2: 15703.7 | XI2: 15734.5 | XJ2: 15765.4 | XK2: 15796.4 | XL2: 15827.5 | XM2: 15858.7 | XN2: 15890.1 | XO2: 15921.5 | XP2: 15953.1 | XQ2: 15984.7 | XR2: 16016.5 | XS2: 16048.4 | XT2: 16080.3 | XU2: 16112.4 | XV2: 16144.5 | XW2: 16176.8 | XX2: 16209.1 | XY2: 16241.6 | XZ2: 16274.1 | YA2: 16306.7 | YB2: 16339.4 | YC2: 16372.2 | YD2: 16405.1 | YE2: 16438 | YF2: 16471.1 | YG2: 16504.2 | YH2: 16537.4 | YI2: 16570.7 | YJ2: 16604.1 | YK2: 16637.5 | YL2: 16671 | YM2: 16704.7 | YN2: 16738.3 | YO2: 16772.1 | YP2: 16805.9 | YQ2: 16839.8 | YR2: 16873.8 | YS2: 16907.8 | YT2: 16942 | YU2: 16976.2 | YV2: 17010.4 | YW2: 17044.7 | YX2: 17079.1 | YY2: 17113.6 | YZ2: 17148.1 | ZA2: 17182.7 | ZB2: 17217.3 | ZC2: 17252.1 | ZD2: 17286.8 | ZE2: 17321.7 | ZF2: 17356.6 | ZG2: 17391.6 | ZH2: 17426.6 | ZI2: 17461.7 | ZJ2: 17496.8 | ZK2: 17532 | ZL2: 17567.3 | ZM2: 17602.6 | ZN2: 17638 | ZO2: 17673.4 | ZP2: 17708.9 | ZQ2: 17744.4 | ZR2: 17780 | ZS2: 17815.6 | ZT2: 17851.3 | ZU2: 17887.1 | ZV2: 17922.9 | ZW2: 17958.8 | ZX2: 17994.7 | ZY2: 18030.6 | ZZ2: 18066.6 | AAA2: 18102.7 | AAB2: 18138.8 | AAC2: 18174.9 | AAD2: 18211.1 | AAE2: 18247.4 | AAF2: 18283.6 | AAG2: 18320 | AAH2: 18356.4 | AAI2: 18392.8 | AAJ2: 18429.3 | AAK2: 18465.8 | AAL2: 18502.3 | AAM2: 18538.9 | AAN2: 18575.6 | AAO2: 18612.3 | AAP2: 18649 | AAQ2: 18685.8 | AAR2: 18722.6 | AAS2: 18759.5 | AAT2: 18796.4 | AAU2: 18833.3 | AAV2: 18870.3 | AAW2: 18907.3 | AAX2: 18944.4 | AAY2: 18981.5 | AAZ2: 19018.6 | ABA2: 19055.8 | ABB2: 19093 | ABC2: 19130.3 | ABD2: 19167.6 | ABE2: 19204.9 | ABF2: 19242.3 | ABG2: 19279.7 | ABH2: 19317.1 | ABI2: 19354.6 | ABJ2: 19392.1 | ABK2: 19429.7 | ABL2: 19467.3 | ABM2: 19504.9 | ABN2: 19542.5 | ABO2: 19580.2 | ABP2: 19618 | ABQ2: 19655.7 | ABR2: 19693.5 | ABS2: 19731.3 | ABT2: 19769.2 | ABU2: 19807.1 | ABV2: 19845 | ABW2: 19883 | ABX2: 19921 | ABY2: 19959 | ABZ2: 19997 | ACA2: 20035.1 | ACB2: 20073.2 | ACC2: 20111.4 | ACD2: 20149.6 | ACE2: 20187.8 | ACF2: 20226 | ACG2: 20264.3 | ACH2: 20302.6 | ACI2: 20340.9 | ACJ2: 20379.3 | ACK2: 20417.6 | ACL2: 20456.1 | ACM2: 20494.5 | ACN2: 20533 | ACO2: 20571.5 | ACP2: 20610 | ACQ2: 20648.6 | ACR2: 20687.1 | ACS2: 20725.8 | ACT2: 20764.4 | ACU2: 20803.1 | ACV2: 20841.8 | ACW2: 20880.5 | ACX2: 20919.2 | ACY2: 20958 | ACZ2: 20996.8 | ADA2: 21035.6 | ADB2: 21074.5 | ADC2: 21113.3 | ADD2: 21152.2 | ADE2: 21191.2 | ADF2: 21230.1 | ADG2: 21269.1 | ADH2: 21308.1 | ADI2: 21347.1 | ADJ2: 21386.2 | ADK2: 21425.2 | ADL2: 21464.3 | ADM2: 21503.5 | ADN2: 21542.6 | ADO2: 21581.8 | ADP2: 21621 | ADQ2: 21660.2 | ADR2: 21699.4 | ADS2: 21738.7 | ADT2: 21778 | ADU2: 21817.3 | ADV2: 21856.6 | ADW2: 21895.9 | ADX2: 21935.3 | ADY2: 21974.7 | ADZ2: 22014.1 | AEA2: 22053.5 | AEB2: 22093 | AEC2: 22132.5 | AED2: 22172 | AEE2: 22211.5 | AEF2: 22251 | AEG2: 22290.6 | AEH2: 22330.2 | AEI2: 22369.8 | AEJ2: 22409.4 | AEK2: 22449 | AEL2: 22488.7 | AEM2: 22528.4 | AEN2: 22568.1 | AEO2: 22607.8 | AEP2: 22647.5 | AEQ2: 22687.3 | AER2: 22727.1 | AES2: 22766.9 | AET2: 22806.7 | AEU2: 22846.6 | AEV2: 22886.4 | AEW2: 22926.3 | AEX2: 22966.2 | AEY2: 23006.1 | AEZ2: 23046.1 | AFA2: 23086 | AFB2: 23126 | AFC2: 23166 | AFD2: 23206 | AFE2: 23246.1 | AFF2: 23286.1 | AFG2: 23326.2 | AFH2: 23366.3 | AFI2: 23406.4 | AFJ2: 23446.5 | AFK2: 23486.6 | AFL2: 23526.8 | AFM2: 23567 | AFN2: 23607.2 | AFO2: 23647.4 | AFP2: 23687.6 | AFQ2: 23727.9 | AFR2: 23768.1 | AFS2: 23808.4 | AFT2: 23848.7 | AFU2: 23889 | AFV2: 23929.3 | AFW2: 23969.7 | AFX2: 24010.1 | AFY2: 24050.4 | AFZ2: 24090.8 | AGA2: 24131.3 | AGB2: 24171.7 | AGC2: 24212.1 | AGD2: 24252.6 | AGE2: 24293.1 | AGF2: 24333.6 | AGG2: 24374.1 | AGH2: 24414.6 | AGI2: 24455.1 | AGJ2: 24495.7 | AGK2: 24536.3 | AGL2: 24576.9 | AGM2: 24617.5 | AGN2: 24658.1 | AGO2: 24698.7 | AGP2: 24739.4 | AGQ2: 24780 | AGR2: 24820.7 | AGS2: 24861.4 | AGT2: 24902.1 | AGU2: 24942.9 | AGV2: 24983.6 | AGW2: 25024.4 | AGX2: 25065.1 | AGY2: 25105.9 | AGZ2: 25146.7 | AHA2: 25187.5 | AHB2: 25228.3 | AHC2: 25269.2 | AHD2: 25310 | AHE2: 25350.9 | AHF2: 25391.8 | AHG2: 25432.7 | AHH2: 25473.6 | AHI2: 25514.5 | AHJ2: 25555.5 | AHK2: 25596.4 | AHL2: 25637.4 | AHM2: 25678.4 | AHN2: 25719.4 | AHO2: 25760.4 | AHP2: 25801.4 | AHQ2: 25842.4 | AHR2: 25883.5 | AHS2: 25924.5 | AHT2: 25965.6 | AHU2: 26006.7 | AHV2: 26047.7 | AHW2: 26088.8 | AHX2: 26130 | AHY2: 26171.1 | AHZ2: 26212.2 | AIA2: 26253.4 | AIB2: 26294.5 | AIC2: 26335.7 | AID2: 26376.9 | AIE2: 26418.1 | AIF2: 26459.3 | AIG2: 26500.5 | AIH2: 26541.8 | AII2: 26583 | AIJ2: 26624.3 | AIK2: 26665.6 | AIL2: 26706.8 | AIM2: 26748.1 | AIN2: 26789.4 | AIO2: 26830.8 | AIP2: 26872.1 | AIQ2: 26913.4 | AIR2: 26954.8 | AIS2: 26996.2 | AIT2: 27037.5 | AIU2: 27078.9 | AIV2: 27120.3 | AIW2: 27161.7 | AIX2: 27203.1 | AIY2: 27244.6 | AIZ2: 27286 | AJA2: 27327.5 | AJB2: 27368.9 | AJC2: 27410.4 | AJD2: 27451.9 | AJE2: 27493.4 | AJF2: 27534.9 | AJG2: 27576.4 | AJH2: 27618 | AJI2: 27659.5 | AJJ2: 27701 | AJK2: 27742.6 | AJL2: 27784.2 | AJM2: 27825.8 | AJN2: 27867.4 | AJO2: 27909 | AJP2: 27950.6 | AJQ2: 27992.2 | AJR2: 28033.8 | AJS2: 28075.5 | AJT2: 28117.1 | AJU2: 28158.8 | AJV2: 28200.5 | AJW2: 28242.2 | AJX2: 28283.9 | AJY2: 28325.6 | AJZ2: 28367.3 | AKA2: 28409 | AKB2: 28450.7 | AKC2: 28492.5 | AKD2: 28534.3 | AKE2: 28576 | AKF2: 28617.8 | AKG2: 28659.6 | AKH2: 28701.4 | AKI2: 28743.2 | AKJ2: 28785 | AKK2: 28826.9 | AKL2: 28868.7 | AKM2: 28910.6 | AKN2: 28952.4 | AKO2: 28994.3 | AKP2: 29036.2 | AKQ2: 29078.1 | AKR2: 29120 | AKS2: 29161.9 | AKT2: 29203.8 | AKU2: 29245.7 | AKV2: 29287.7 | AKW2: 29329.6 | AKX2: 29371.6 | AKY2: 29413.6 | AKZ2: 29455.5 | ALA2: 29497.5 | ALB2: 29539.5 | ALC2: 29581.5 | ALD2: 29623.5 | ALE2: 29665.6 | ALF2: 29707.6 | ALG2: 29749.6 | ALH2: 29791.7 | ALI2: 29833.8 | ALJ2: 29875.8 | ALK2: 29917.9 | ALL2: 29960 | ALM2: 30002.1 | ALN2: 30044.2 | ALO2: 30086.3 | ALP2: 30128.4
A3: TRAIN_AV2-1 | B3: 0 | C3: 1 | D3: A | E3: 71301 | F3: 71301 | G3: 71301 | H3: 71301 | I3: 71301 | J3: 71301 | K3: 71301 | L3: 71301 | M3: 71301 | N3: 71301 | O3: 71301 | P3: 71301 | Q3: 71301 | R3: 71301 | S3: 71301 | T3: 71301 | U3: 71301 | V3: 71301 | W3: 71301 | X3: 71301 | Y3: 71301 | Z3: 71301 | AA3: 71301 | AB3: 71301 | AC3: 71301 | AD3: 71301 | AE3: 71301 | AF3: 71301 | AG3: 71301 | AH3: 71301 | AI3: 71301 | AJ3: 71301 | AK3: 71301 | AL3: 71301 | AM3: 71301 | AN3: 71301 | AO3: 71301 | AP3: 71301 | AQ3: 71301 | AR3: 71301 | AS3: 71301 | AT3: 71301 | AU3: 71301 | AV3: 71301 | AW3: 71301 | AX3: 71301 | AY3: 71301 | AZ3: 71301 | BA3: 71301 | BB3: 71301 | BC3: 71301 | BD3: 71301 | BE3: 71301 | BF3: 71301 | BG3: 71301 | BH3: 71301 | BI3: 71301 | BJ3: 71301 | BK3: 71301 | BL3: 71301 | BM3: 71301 | BN3: 71301 | BO3: 71301 | BP3: 71301 | BQ3: 71301 | BR3: 71301 | BS3: 71301 | BT3: 71301 | BU3: 71301 | BV3: 71301 | BW3: 71301 | BX3: 71301 | BY3: 71301 | BZ3: 71301 | CA3: 71301 | CB3: 71301 | CC3: 71301 | CD3: 71301 | CE3: 71301 | CF3: 71301 | CG3: 71301 | CH3: 71301 | CI3: 71301 | CJ3: 71301 | CK3: 71301 | CL3: 71301 | CM3: 71301 | CN3: 71301 | CO3: 71301 | CP3: 71301 | CQ3: 71301 | CR3: 71301 | CS3: 71301 | CT3: 71301 | CU3: 71301 | CV3: 71301 | CW3: 71301 | CX3: 71301 | CY3: 71301 | CZ3: 71301 | DA3: 71301 | DB3: 71301 | DC3: 71301 | DD3: 71301 | DE3: 71301 | DF3: 71301 | DG3: 71301 | DH3: 71301 | DI3: 71301 | DJ3: 71301 | DK3: 71301 | DL3: 71301 | DM3: 71301 | DN3: 71301 | DO3: 71301 | DP3: 71301 | DQ3: 71301 | DR3: 71301 | DS3: 71301 | DT3: 71301 | DU3: 71301 | DV3: 71300.3 | DW3: 71298.8 | DX3: 71296.5 | DY3: 71293.5 | DZ3: 71289.8 | EA3: 71285.4 | EB3: 71280.1 | EC3: 71274.2 | ED3: 71267.5 | EE3: 71260.1 | EF3: 71251.9 | EG3: 71243 | EH3: 71233.4 | EI3: 71223 | EJ3: 71212 | EK3: 71200.3 | EL3: 71188.1 | EM3: 71175.3 | EN3: 71161.9 | EO3: 71147.9 | EP3: 71133.5 | EQ3: 71118.5 | ER3: 71103.1 | ES3: 71087.1 | ET3: 71070.8 | EU3: 71053.9 | EV3: 71036.6 | EW3: 71019 | EX3: 71000.9 | EY3: 70982.4 | EZ3: 70963.5 | FA3: 70944.2 | FB3: 70924.6 | FC3: 70904.7 | FD3: 70884.4 | FE3: 70863.7 | FF3: 70842.7 | FG3: 70821.5 | FH3: 70799.9 | FI3: 70778 | FJ3: 70755.8 | FK3: 70733.3 | FL3: 70710.6 | FM3: 70687.5 | FN3: 70664.2 | FO3: 70640.7 | FP3: 70616.9 | FQ3: 70592.8 | FR3: 70568.5 | FS3: 70544 | FT3: 70519.2 | FU3: 70494.3 | FV3: 70469 | FW3: 70443.6 | FX3: 70418 | FY3: 70397.4 | FZ3: 70374.9 | GA3: 70350.2 | GB3: 70326.2 | GC3: 70302.9 | GD3: 70280.2 | GE3: 70258.2 | GF3: 70236.9 | GG3: 70216.3 | GH3: 70196.3 | GI3: 70177 | GJ3: 70158.4 | GK3: 70140.4 | GL3: 70123.1 | GM3: 70106.4 | GN3: 70090.5 | GO3: 70075.1 | GP3: 70060.4 | GQ3: 70046.4 | GR3: 70033 | GS3: 70020.3 | GT3: 70008.2 | GU3: 69996.8 | GV3: 69986 | GW3: 69975.8 | GX3: 69966.3 | GY3: 69957.5 | GZ3: 69949.2 | HA3: 69941.6 | HB3: 69934.7 | HC3: 69928.4 | HD3: 69922.7 | HE3: 69917.6 | HF3: 69913.2 | HG3: 69909.4 | HH3: 69906.3 | HI3: 69903.8 | HJ3: 69901.9 | HK3: 69900.6 | HL3: 69900 | HM3: 69900 | HN3: 69900 | HO3: 69900 | HP3: 69900 | HQ3: 69899.3 | HR3: 69897.8 | HS3: 69895.5 | HT3: 69892.5 | HU3: 69888.8 | HV3: 69884.4 | HW3: 69879.2 | HX3: 69873.2 | HY3: 69866.5 | HZ3: 69859.1 | IA3: 69850.9 | IB3: 69842 | IC3: 69832.4 | ID3: 69822 | IE3: 69811 | IF3: 69799.4 | IG3: 69787.1 | IH3: 69774.3 | II3: 69760.9 | IJ3: 69747 | IK3: 69732.6 | IL3: 69717.6 | IM3: 69702.2 | IN3: 69686.3 | IO3: 69669.9 | IP3: 69653.1 | IQ3: 69635.8 | IR3: 69618.2 | IS3: 69600.1 | IT3: 69581.6 | IU3: 69562.8 | IV3: 69543.6 | IW3: 69524 | IX3: 69504.1 | IY3: 69483.8 | IZ3: 69463.2 | JA3: 69442.2 | JB3: 69421 | JC3: 69399.4 | JD3: 69377.5 | JE3: 69355.4 | JF3: 69332.9 | JG3: 69310.2 | JH3: 69287.2 | JI3: 69263.9 | JJ3: 69240.4 | JK3: 69216.6 | JL3: 69192.6 | JM3: 69168.3 | JN3: 69143.8 | JO3: 69119 | JP3: 69094.1 | JQ3: 69068.9 | JR3: 69043.4 | JS3: 69017.8 | JT3: 68992 | JU3: 68965.9 | JV3: 68939.7 | JW3: 68913.3 | JX3: 68886.6 | JY3: 68859.8 | JZ3: 68832.8 | KA3: 68805.6 | KB3: 68778.3 | KC3: 68750.7 | KD3: 68723 | KE3: 68695.2 | KF3: 68667.1 | KG3: 68638.9 | KH3: 68610.6 | KI3: 68582.1 | KJ3: 68553.4 | KK3: 68524.6 | KL3: 68495.6 | KM3: 68466.5 | KN3: 68437.3 | KO3: 68407.9 | KP3: 68378.3 | KQ3: 68348.7 | KR3: 68318.9 | KS3: 68289 | KT3: 68258.9 | KU3: 68228.7 | KV3: 68198.4 | KW3: 68168 | KX3: 68137.4 | KY3: 68106.7 | KZ3: 68075.9 | LA3: 68045 | LB3: 68014 | LC3: 67982.9 | LD3: 67951.6 | LE3: 67920.3 | LF3: 67888.8 | LG3: 67857.3 | LH3: 67825.6 | LI3: 67793.8 | LJ3: 67761.9 | LK3: 67730 | LL3: 67697.9 | LM3: 67665.7 | LN3: 67633.5 | LO3: 67601.1 | LP3: 67568.7 | LQ3: 67536.1 | LR3: 67503.5 | LS3: 67470.8 | LT3: 67438 | LU3: 67405.1 | LV3: 67372.1 | LW3: 67339 | LX3: 67305.9 | LY3: 67272.7 | LZ3: 67239.3 | MA3: 67206 | MB3: 67172.5 | MC3: 67138.9 | MD3: 67105.3 | ME3: 67071.6 | MF3: 67037.8 | MG3: 67004 | MH3: 66970.1 | MI3: 66936.1 | MJ3: 66902 | MK3: 66867.8 | ML3: 66833.6 | MM3: 66799.4 | MN3: 66765 | MO3: 66730.6 | MP3: 66696.1 | MQ3: 66661.6 | MR3: 66626.9 | MS3: 66592.3 | MT3: 66557.5 | MU3: 66522.7 | MV3: 66487.8 | MW3: 66452.9 | MX3: 66417.9 | MY3: 66382.9 | MZ3: 66347.8 | NA3: 66312.6 | NB3: 66277.4 | NC3: 66242.1 | ND3: 66206.7 | NE3: 66171.3 | NF3: 66135.9 | NG3: 66100.4 | NH3: 66064.8 | NI3: 66029.2 | NJ3: 65993.5 | NK3: 65957.8 | NL3: 65922 | NM3: 65886.1 | NN3: 65850.3 | NO3: 65814.3 | NP3: 65778.3 | NQ3: 65742.3 | NR3: 65706.2 | NS3: 65670.1 | NT3: 65633.9 | NU3: 65597.7 | NV3: 65561.4 | NW3: 65525.1 | NX3: 65488.7 | NY3: 65452.3 | NZ3: 65415.8 | OA3: 65379.3 | OB3: 65342.7 | OC3: 65306.1 | OD3: 65269.5 | OE3: 65232.8 | OF3: 65196.1 | OG3: 65159.3 | OH3: 65122.5 | OI3: 65085.6 | OJ3: 65048.7 | OK3: 65011.7 | OL3: 64974.8 | OM3: 64937.7 | ON3: 64900.7 | OO3: 64863.6 | OP3: 64826.4 | OQ3: 64789.2 | OR3: 64752 | OS3: 64714.7 | OT3: 64677.4 | OU3: 64640.1 | OV3: 64602.7 | OW3: 64565.3 | OX3: 64527.8 | OY3: 64490.4 | OZ3: 64452.8 | PA3: 64415.3 | PB3: 64377.7 | PC3: 64340.1 | PD3: 64302.4 | PE3: 64264.7 | PF3: 64227 | PG3: 64189.2 | PH3: 64151.4 | PI3: 64113.6 | PJ3: 64075.7 | PK3: 64037.8 | PL3: 63999.9 | PM3: 63961.9 | PN3: 63923.9 | PO3: 63885.9 | PP3: 63847.8 | PQ3: 63809.7 | PR3: 63771.6 | PS3: 63733.5 | PT3: 63695.3 | PU3: 63657.1 | PV3: 63618.8 | PW3: 63580.6 | PX3: 63542.3 | PY3: 63503.9 | PZ3: 63465.6 | QA3: 63427.2 | QB3: 63388.8 | QC3: 63350.3 | QD3: 63311.9 | QE3: 63273.3 | QF3: 63234.8 | QG3: 63196.3 | QH3: 63157.7 | QI3: 63119 | QJ3: 63080.4 | QK3: 63041.7 | QL3: 63003 | QM3: 62964.3 | QN3: 62925.5 | QO3: 62886.8 | QP3: 62848 | QQ3: 62809.1 | QR3: 62770.3 | QS3: 62731.4 | QT3: 62692.5 | QU3: 62653.5 | QV3: 62614.6 | QW3: 62575.6 | QX3: 62536.6 | QY3: 62497.5 | QZ3: 62458.5 | RA3: 62419.4 | RB3: 62380.3 | RC3: 62341.1 | RD3: 62302 | RE3: 62262.8 | RF3: 62223.6 | RG3: 62184.3 | RH3: 62145.1 | RI3: 62105.8 | RJ3: 62066.5 | RK3: 62027.1 | RL3: 61987.8 | RM3: 61948.4 | RN3: 61909 | RO3: 61869.6 | RP3: 61830.2 | RQ3: 61790.7 | RR3: 61751.2 | RS3: 61711.7 | RT3: 61672.2 | RU3: 61632.6 | RV3: 61593.1 | RW3: 61553.5 | RX3: 61513.8 | RY3: 61474.2 | RZ3: 61434.6 | SA3: 61394.9 | SB3: 61355.2 | SC3: 61315.5 | SD3: 61275.7 | SE3: 61236 | SF3: 61196.2 | SG3: 61156.4 | SH3: 61116.6 | SI3: 61076.7 | SJ3: 61036.9 | SK3: 60997 | SL3: 60957.1 | SM3: 60917.2 | SN3: 60877.3 | SO3: 60837.4 | SP3: 60797.4 | SQ3: 60757.4 | SR3: 60717.4 | SS3: 60677.4 | ST3: 60637.4 | SU3: 60597.3 | SV3: 60557.3 | SW3: 60517.2 | SX3: 60477.1 | SY3: 60436.9 | SZ3: 60396.8 | TA3: 60356.6 | TB3: 60316.4 | TC3: 60276.2 | TD3: 60236 | TE3: 60195.8 | TF3: 60155.5 | TG3: 60115.3 | TH3: 60075 | TI3: 60034.7 | TJ3: 59994.4 | TK3: 59954 | TL3: 59913.7 | TM3: 59873.3 | TN3: 59832.9 | TO3: 59792.5 | TP3: 59752.1 | TQ3: 59711.6 | TR3: 59671.2 | TS3: 59630.7 | TT3: 59590.2 | TU3: 59549.7 | TV3: 59509.2 | TW3: 59468.6 | TX3: 59428.1 | TY3: 59387.5 | TZ3: 59346.9 | UA3: 59306.3 | UB3: 59265.7 | UC3: 59225.1 | UD3: 59184.4 | UE3: 59143.8 | UF3: 59103.1 | UG3: 59062.4 | UH3: 59021.7 | UI3: 58980.9 | UJ3: 58940.2 | UK3: 58899.4 | UL3: 58858.7 | UM3: 58817.9 | UN3: 58777.1 | UO3: 58736.2 | UP3: 58695.4 | UQ3: 58654.6 | UR3: 58613.7 | US3: 58572.8 | UT3: 58531.9 | UU3: 58491 | UV3: 58450.1 | UW3: 58409.2 | UX3: 58368.2 | UY3: 58327.2 | UZ3: 58286.3 | VA3: 58245.3 | VB3: 58204.3 | VC3: 58163.2 | VD3: 58122.2 | VE3: 58081.2 | VF3: 58040.1 | VG3: 57999 | VH3: 57957.9 | VI3: 57916.8 | VJ3: 57875.7 | VK3: 57834.6 | VL3: 57793.4 | VM3: 57752.3 | VN3: 57711.1 | VO3: 57669.9 | VP3: 57628.8 | VQ3: 57587.6 | VR3: 57546.3 | VS3: 57505.1 | VT3: 57463.9 | VU3: 57422.6 | VV3: 57381.4 | VW3: 57340.1 | VX3: 57298.8 | VY3: 57257.5 | VZ3: 57216.2 | WA3: 57174.9 | WB3: 57133.5 | WC3: 57092.2 | WD3: 57050.8 | WE3: 57009.5 | WF3: 56968.1 | WG3: 56926.7 | WH3: 56885.3 | WI3: 56843.9 | WJ3: 56802.5 | WK3: 56761 | WL3: 56719.6 | WM3: 56678.1 | WN3: 56636.7 | WO3: 56595.2 | WP3: 56553.7 | WQ3: 56512.2 | WR3: 56470.7 | WS3: 56429.2 | WT3: 56387.7 | WU3: 56346.1 | WV3: 56304.6 | WW3: 56263 | WX3: 56221.5 | WY3: 56179.9 | WZ3: 56138.3 | XA3: 56096.7 | XB3: 56055.1 | XC3: 56013.5 | XD3: 55971.8 | XE3: 55930.2 | XF3: 55888.5 | XG3: 55846.9 | XH3: 55805.2 | XI3: 55763.5 | XJ3: 55721.8 | XK3: 55680.1 | XL3: 55638.4 | XM3: 55596.7 | XN3: 55555 | XO3: 55513.2 | XP3: 55471.5 | XQ3: 55429.7 | XR3: 55387.9 | XS3: 55346.1 | XT3: 55304.3 | XU3: 55262.5 | XV3: 55220.7 | XW3: 55178.9 | XX3: 55137 | XY3: 55095.2 | XZ3: 55053.3 | YA3: 55011.4 | YB3: 54969.6 | YC3: 54927.7 | YD3: 54885.8 | YE3: 54843.9 | YF3: 54801.9 | YG3: 54760 | YH3: 54718.1 | YI3: 54676.1 | YJ3: 54634.2 | YK3: 54592.2 | YL3: 54550.2 | YM3: 54508.2 | YN3: 54466.2 | YO3: 54424.2 | YP3: 54382.2 | YQ3: 54340.2 | YR3: 54298.2 | YS3: 54256.2 | YT3: 54214.1 | YU3: 54172.1 | YV3: 54130 | YW3: 54087.9 | YX3: 54045.8 | YY3: 54003.8 | YZ3: 53961.7 | ZA3: 53919.6 | ZB3: 53877.4 | ZC3: 53835.3 | ZD3: 53793.2 | ZE3: 53751.1 | ZF3: 53708.9 | ZG3: 53666.8 | ZH3: 53624.6 | ZI3: 53582.4 | ZJ3: 53540.3 | ZK3: 53498.1 | ZL3: 53455.9 | ZM3: 53413.7 | ZN3: 53371.5 | ZO3: 53329.3 | ZP3: 53287.1 | ZQ3: 53262.1 | ZR3: 53261.4 | ZS3: 53219.9 | ZT3: 53179.2 | ZU3: 53139.3 | ZV3: 53100.2 | ZW3: 53061.8 | ZX3: 53024.2 | ZY3: 52987.3 | ZZ3: 52951.1 | AAA3: 52915.7 | AAB3: 52881.1 | AAC3: 52847.2 | AAD3: 52813.9 | AAE3: 52781.5 | AAF3: 52749.7 | AAG3: 52718.7 | AAH3: 52688.3 | AAI3: 52658.7 | AAJ3: 52629.8 | AAK3: 52601.6 | AAL3: 52574.1 | AAM3: 52547.3 | AAN3: 52521.2 | AAO3: 52495.8 | AAP3: 52471 | AAQ3: 52447 | AAR3: 52423.6 | AAS3: 52401 | AAT3: 52378.9 | AAU3: 52357.6 | AAV3: 52337 | AAW3: 52317 | AAX3: 52297.6 | AAY3: 52279 | AAZ3: 52261 | ABA3: 52243.7 | ABB3: 52227 | ABC3: 52210.3 | ABD3: 52193.7 | ABE3: 52177 | ABF3: 52160.3 | ABG3: 52143.7 | ABH3: 52127 | ABI3: 52110.3 | ABJ3: 52093.6 | ABK3: 52077 | ABL3: 52060.3 | ABM3: 52043.2 | ABN3: 52025.7 | ABO3: 52007.7 | ABP3: 51989.4 | ABQ3: 51970.7 | ABR3: 51951.6 | ABS3: 51932.1 | ABT3: 51912.3 | ABU3: 51892.1 | ABV3: 51871.6 | ABW3: 51850.8 | ABX3: 51829.6 | ABY3: 51808.2 | ABZ3: 51786.4 | ACA3: 51764.3 | ACB3: 51742 | ACC3: 51719.3 | ACD3: 51696.4 | ACE3: 51673.3 | ACF3: 51649.8 | ACG3: 51626.1 | ACH3: 51602.2 | ACI3: 51578 | ACJ3: 51553.6 | ACK3: 51528.9 | ACL3: 51504 | ACM3: 51478.9 | ACN3: 51453.6 | ACO3: 51428 | ACP3: 51402.3 | ACQ3: 51376.3 | ACR3: 51350.1 | ACS3: 51323.8 | ACT3: 51297.2 | ACU3: 51270.5 | ACV3: 51243.5 | ACW3: 51216.4 | ACX3: 51189.1 | ACY3: 51161.7 | ACZ3: 51134 | ADA3: 51106.2 | ADB3: 51078.2 | ADC3: 51050.1 | ADD3: 51021.8 | ADE3: 50993.4 | ADF3: 50964.8 | ADG3: 50936 | ADH3: 50907.1 | ADI3: 50878.1 | ADJ3: 50848.9 | ADK3: 50819.5 | ADL3: 50790.1 | ADM3: 50760.4 | ADN3: 50730.7 | ADO3: 50700.8 | ADP3: 50670.8 | ADQ3: 50640.7 | ADR3: 50610.4 | ADS3: 50580.1 | ADT3: 50549.6 | ADU3: 50518.9 | ADV3: 50488.2 | ADW3: 50457.3 | ADX3: 50426.4 | ADY3: 50395.3 | ADZ3: 50364.1 | AEA3: 50332.8 | AEB3: 50301.4 | AEC3: 50269.9 | AED3: 50238.3 | AEE3: 50206.6 | AEF3: 50174.7 | AEG3: 50142.8 | AEH3: 50110.8 | AEI3: 50078.7 | AEJ3: 50046.5 | AEK3: 50014.2 | AEL3: 49981.8 | AEM3: 49949.3 | AEN3: 49916.7 | AEO3: 49884 | AEP3: 49851.3 | AEQ3: 49818.4 | AER3: 49785.5 | AES3: 49752.5 | AET3: 49719.4 | AEU3: 49686.2 | AEV3: 49652.9 | AEW3: 49619.6 | AEX3: 49586.2 | AEY3: 49552.7 | AEZ3: 49519.1 | AFA3: 49485.4 | AFB3: 49451.7 | AFC3: 49417.9 | AFD3: 49384 | AFE3: 49350.1 | AFF3: 49316.1 | AFG3: 49282 | AFH3: 49247.8 | AFI3: 49213.6 | AFJ3: 49179.3 | AFK3: 49144.9 | AFL3: 49110.5 | AFM3: 49076 | AFN3: 49041.4 | AFO3: 49006.8 | AFP3: 48972.1 | AFQ3: 48937.3 | AFR3: 48902.5 | AFS3: 48867.6 | AFT3: 48832.7 | AFU3: 48797.7 | AFV3: 48762.6 | AFW3: 48727.5 | AFX3: 48692.3 | AFY3: 48657.1 | AFZ3: 48621.8 | AGA3: 48586.5 | AGB3: 48551.1 | AGC3: 48515.6 | AGD3: 48480.1 | AGE3: 48444.5 | AGF3: 48408.9 | AGG3: 48373.3 | AGH3: 48337.5 | AGI3: 48301.8 | AGJ3: 48265.9 | AGK3: 48230.1 | AGL3: 48194.1 | AGM3: 48158.1 | AGN3: 48122.1 | AGO3: 48086 | AGP3: 48049.9 | AGQ3: 48013.8 | AGR3: 47977.5 | AGS3: 47941.3 | AGT3: 47905 | AGU3: 47868.6 | AGV3: 47832.2 | AGW3: 47795.8 | AGX3: 47759.3 | AGY3: 47722.7 | AGZ3: 47686.2 | AHA3: 47649.5 | AHB3: 47612.9 | AHC3: 47576.2 | AHD3: 47539.4 | AHE3: 47502.6 | AHF3: 47465.8 | AHG3: 47428.9 | AHH3: 47392 | AHI3: 47355.1 | AHJ3: 47318.1 | AHK3: 47281 | AHL3: 47244 | AHM3: 47206.9 | AHN3: 47169.7 | AHO3: 47132.5 | AHP3: 47095.3 | AHQ3: 47058 | AHR3: 47020.7 | AHS3: 46983.4 | AHT3: 46946 | AHU3: 46908.6 | AHV3: 46871.1 | AHW3: 46833.7 | AHX3: 46796.1 | AHY3: 46758.6 | AHZ3: 46721 | AIA3: 46683.4 | AIB3: 46645.7 | AIC3: 46608 | AID3: 46570.3 | AIE3: 46532.5 | AIF3: 46494.7 | AIG3: 46456.9 | AIH3: 46419 | AII3: 46381.1 | AIJ3: 46343.2 | AIK3: 46305.3 | AIL3: 46267.3 | AIM3: 46229.2 | AIN3: 46191.2 | AIO3: 46153.1 | AIP3: 46115 | AIQ3: 46076.8 | AIR3: 46038.7 | AIS3: 46000.4 | AIT3: 45962.2 | AIU3: 45923.9 | AIV3: 45885.6 | AIW3: 45847.3 | AIX3: 45808.9 | AIY3: 45770.6 | AIZ3: 45732.1 | AJA3: 45693.7 | AJB3: 45655.2 | AJC3: 45616.7 | AJD3: 45578.2 | AJE3: 45539.6 | AJF3: 45501 | AJG3: 45462.4 | AJH3: 45423.8 | AJI3: 45385.1 | AJJ3: 45346.4 | AJK3: 45307.7 | AJL3: 45269 | AJM3: 45230.2 | AJN3: 45191.4 | AJO3: 45152.6 | AJP3: 45113.7 | AJQ3: 45074.8 | AJR3: 45035.9 | AJS3: 44997 | AJT3: 44958 | AJU3: 44919.1 | AJV3: 44880.1 | AJW3: 44841 | AJX3: 44802 | AJY3: 44762.9 | AJZ3: 44723.8 | AKA3: 44684.7 | AKB3: 44645.5 | AKC3: 44606.4 | AKD3: 44567.2 | AKE3: 44528 | AKF3: 44488.7 | AKG3: 44449.5 | AKH3: 44410.2 | AKI3: 44370.9 | AKJ3: 44331.5 | AKK3: 44292.2 | AKL3: 44252.8 | AKM3: 44213.4 | AKN3: 44174 | AKO3: 44134.6 | AKP3: 44095.1 | AKQ3: 44055.6 | AKR3: 44016.1 | AKS3: 43976.6 | AKT3: 43937.1 | AKU3: 43897.5 | AKV3: 43857.9 | AKW3: 43818.3 | AKX3: 43778.7 | AKY3: 43739.1 | AKZ3: 43699.4 | ALA3: 43659.7 | ALB3: 43620 | ALC3: 43580.3 | ALD3: 43540.5 | ALE3: 43500.8 | ALF3: 43461 | ALG3: 43421.2 | ALH3: 43381.4 | ALI3: 43341.5 | ALJ3: 43301.7 | ALK3: 43261.8 | ALL3: 43221.9 | ALM3: 43182 | ALN3: 43142 | ALO3: 43102.1 | ALP3: 43062.1
A4: TRAIN_Spr1-1 | B4: 0 | C4: 0 | D4: A | E4: 0 | F4: 0 | G4: 0.745503 | H4: 2.23598 | I4: 4.47084 | J4: 7.4494 | K4: 11.1709 | L4: 15.6345 | M4: 20.8393 | N4: 26.7844 | O4: 33.4686 | P4: 40.8908 | Q4: 49.0498 | R4: 57.9444 | S4: 67.5731 | T4: 77.9346 | U4: 88.9451 | V4: 100.581 | W4: 112.82 | X4: 125.64 | Y4: 139.022 | Z4: 152.946 | AA4: 167.394 | AB4: 182.349 | AC4: 197.795 | AD4: 213.715 | AE4: 230.096 | AF4: 246.922 | AG4: 264.181 | AH4: 281.859 | AI4: 299.944 | AJ4: 318.425 | AK4: 337.289 | AL4: 356.527 | AM4: 376.127 | AN4: 396.08 | AO4: 416.377 | AP4: 437.008 | AQ4: 457.964 | AR4: 479.237 | AS4: 500.819 | AT4: 522.702 | AU4: 544.879 | AV4: 567.342 | AW4: 590.085 | AX4: 613.1 | AY4: 636.381 | AZ4: 659.923 | BA4: 683.718 | BB4: 707.762 | BC4: 732.048 | BD4: 756.571 | BE4: 781.326 | BF4: 806.308 | BG4: 831.512 | BH4: 856.933 | BI4: 882.567 | BJ4: 908.409 | BK4: 934.455 | BL4: 960.7 | BM4: 987.141 | BN4: 1013.77 | BO4: 1040.59 | BP4: 1067.6 | BQ4: 1094.78 | BR4: 1122.15 | BS4: 1149.68 | BT4: 1177.39 | BU4: 1205.26 | BV4: 1233.3 | BW4: 1261.5 | BX4: 1289.86 | BY4: 1318.37 | BZ4: 1347.04 | CA4: 1375.86 | CB4: 1404.82 | CC4: 1433.93 | CD4: 1463.18 | CE4: 1492.57 | CF4: 1522.1 | CG4: 1551.76 | CH4: 1581.55 | CI4: 1611.48 | CJ4: 1641.54 | CK4: 1671.72 | CL4: 1702.02 | CM4: 1732.45 | CN4: 1763.01 | CO4: 1793.68 | CP4: 1824.46 | CQ4: 1855.37 | CR4: 1886.38 | CS4: 1917.51 | CT4: 1948.75 | CU4: 1980.1 | CV4: 2011.55 | CW4: 2043.11 | CX4: 2074.77 | CY4: 2106.54 | CZ4: 2138.4 | DA4: 2170.36 | DB4: 2202.42 | DC4: 2234.58 | DD4: 2266.83 | DE4: 2299.18 | DF4: 2331.61 | DG4: 2364.14 | DH4: 2396.76 | DI4: 2429.47 | DJ4: 2462.26 | DK4: 2495.14 | DL4: 2528.1 | DM4: 2561.15 | DN4: 2594.28 | DO4: 2627.49 | DP4: 2660.79 | DQ4: 2694.15 | DR4: 2727.6 | DS4: 2761.12 | DT4: 2794.71 | DU4: 2828.38 | DV4: 2862.12 | DW4: 2895.93 | DX4: 2929.81 | DY4: 2963.76 | DZ4: 2997.78 | EA4: 3031.87 | EB4: 3066.02 | EC4: 3100.24 | ED4: 3134.52 | EE4: 3168.88 | EF4: 3203.29 | EG4: 3237.77 | EH4: 3272.32 | EI4: 3306.92 | EJ4: 3341.59 | EK4: 3376.31 | EL4: 3411.1 | EM4: 3445.95 | EN4: 3480.85 | EO4: 3515.81 | EP4: 3550.83 | EQ4: 3585.91 | ER4: 3621.04 | ES4: 3656.23 | ET4: 3691.47 | EU4: 3726.77 | EV4: 3762.12 | EW4: 3797.53 | EX4: 3832.99 | EY4: 3868.5 | EZ4: 3904.07 | FA4: 3939.69 | FB4: 3975.36 | FC4: 4011.09 | FD4: 4046.87 | FE4: 4082.7 | FF4: 4118.59 | FG4: 4154.52 | FH4: 4190.51 | FI4: 4226.55 | FJ4: 4262.63 | FK4: 4298.77 | FL4: 4334.95 | FM4: 4371.18 | FN4: 4407.46 | FO4: 4443.79 | FP4: 4480.16 | FQ4: 4516.58 | FR4: 4553.05 | FS4: 4589.56 | FT4: 4626.12 | FU4: 4662.72 | FV4: 4699.37 | FW4: 4736.06 | FX4: 4772.79 | FY4: 4809.57 | FZ4: 4846.39 | GA4: 4883.25 | GB4: 4920.15 | GC4: 4957.09 | GD4: 4994.08 | GE4: 5031.11 | GF4: 5068.17 | GG4: 5105.28 | GH4: 5142.43 | GI4: 5179.62 | GJ4: 5216.84 | GK4: 5254.11 | GL4: 5291.41 | GM4: 5328.75 | GN4: 5366.13 | GO4: 5403.54 | GP4: 5441 | GQ4: 5478.49 | GR4: 5516.01 | GS4: 5553.57 | GT4: 5591.17 | GU4: 5628.81 | GV4: 5666.48 | GW4: 5704.18 | GX4: 5741.92 | GY4: 5779.7 | GZ4: 5817.5 | HA4: 5855.35 | HB4: 5893.22 | HC4: 5931.13 | HD4: 5969.07 | HE4: 6007.05 | HF4: 6045.06 | HG4: 6083.1 | HH4: 6121.17 | HI4: 6159.27 | HJ4: 6197.41 | HK4: 6235.58 | HL4: 6273.78 | HM4: 6312.01 | HN4: 6350.27 | HO4: 6388.56 | HP4: 6426.88 | HQ4: 6465.23 | HR4: 6503.61 | HS4: 6542.02 | HT4: 6580.46 | HU4: 6618.93 | HV4: 6657.43 | HW4: 6695.96 | HX4: 6734.51 | HY4: 6773.1 | HZ4: 6811.71 | IA4: 6850.35 | IB4: 6889.01 | IC4: 6927.71 | ID4: 6966.43 | IE4: 7005.18 | IF4: 7043.95 | IG4: 7082.76 | IH4: 7121.58 | II4: 7160.44 | IJ4: 7199.32 | IK4: 7238.23 | IL4: 7277.16 | IM4: 7316.12 | IN4: 7355.1 | IO4: 7394.11 | IP4: 7433.14 | IQ4: 7472.2 | IR4: 7511.28 | IS4: 7550.39 | IT4: 7589.52 | IU4: 7628.68 | IV4: 7667.86 | IW4: 7707.06 | IX4: 7746.29 | IY4: 7785.54 | IZ4: 7824.81 | JA4: 7864.11 | JB4: 7903.43 | JC4: 7942.78 | JD4: 7982.14 | JE4: 8021.53 | JF4: 8060.95 | JG4: 8100.38 | JH4: 8139.84 | JI4: 8179.32 | JJ4: 8218.82 | JK4: 8258.34 | JL4: 8297.89 | JM4: 8337.46 | JN4: 8377.05 | JO4: 8416.66 | JP4: 8456.29 | JQ4: 8495.94 | JR4: 8535.62 | JS4: 8575.31 | JT4: 8615.03 | JU4: 8654.77 | JV4: 8694.52 | JW4: 8734.3 | JX4: 8774.1 | JY4: 8813.92 | JZ4: 8853.76 | KA4: 8893.62 | KB4: 8933.5 | KC4: 8973.39 | KD4: 9013.31 | KE4: 9053.25 | KF4: 9093.21 | KG4: 9133.18 | KH4: 9173.18 | KI4: 9213.19 | KJ4: 9253.22 | KK4: 9293.28 | KL4: 9333.35 | KM4: 9373.44 | KN4: 9413.54 | KO4: 9453.67 | KP4: 9493.81 | KQ4: 9533.98 | KR4: 9574.16 | KS4: 9614.36 | KT4: 9654.57 | KU4: 9694.81 | KV4: 9735.06 | KW4: 9775.33 | KX4: 9815.62 | KY4: 9855.93 | KZ4: 9896.24 | LA4: 9936.58 | LB4: 9976.93 | LC4: 10017.3 | LD4: 10057.7 | LE4: 10098.1 | LF4: 10138.5 | LG4: 10178.9 | LH4: 10219.3 | LI4: 10259.7 | LJ4: 10300.2 | LK4: 10340.7 | LL4: 10381.1 | LM4: 10421.6 | LN4: 10462.1 | LO4: 10502.7 | LP4: 10543.2 | LQ4: 10583.7 | LR4: 10624.3 | LS4: 10664.9 | LT4: 10705.5 | LU4: 10746.1 | LV4: 10786.7 | LW4: 10827.4 | LX4: 10868 | LY4: 10908.7 | LZ4: 10949.4 | MA4: 10990.1 | MB4: 11030.8 | MC4: 11071.6 | MD4: 11112.3 | ME4: 11153.1 | MF4: 11193.9 | MG4: 11234.7 | MH4: 11275.5 | MI4: 11316.3 | MJ4: 11357.2 | MK4: 11398 | ML4: 11438.9 | MM4: 11479.8 | MN4: 11520.7 | MO4: 11561.6 | MP4: 11602.5 | MQ4: 11643.5 | MR4: 11684.4 | MS4: 11725.4 | MT4: 11766.4 | MU4: 11807.4 | MV4: 11848.4 | MW4: 11889.4 | MX4: 11930.5 | MY4: 11971.5 | MZ4: 12012.6 | NA4: 12053.7 | NB4: 12094.8 | NC4: 12135.9 | ND4: 12177 | NE4: 12218.2 | NF4: 12259.3 | NG4: 12300.5 | NH4: 12341.7 | NI4: 12382.9 | NJ4: 12424.1 | NK4: 12465.3 | NL4: 12506.5 | NM4: 12547.8 | NN4: 12589 | NO4: 12630.3 | NP4: 12671.6 | NQ4: 12712.9 | NR4: 12717.2 | NS4: 12751.4 | NT4: 12791.3 | NU4: 12830.5 | NV4: 12868.8 | NW4: 12906.5 | NX4: 12943.3 | NY4: 12979.5 | NZ4: 13014.9 | OA4: 13049.5 | OB4: 13083.4 | OC4: 13116.6 | OD4: 13149.1 | OE4: 13180.9 | OF4: 13211.9 | OG4: 13242.2 | OH4: 13271.8 | OI4: 13300.7 | OJ4: 13328.9 | OK4: 13356.4 | OL4: 13383.2 | OM4: 13409.3 | ON4: 13434.8 | OO4: 13459.5 | OP4: 13483.5 | OQ4: 13506.9 | OR4: 13529.6 | OS4: 13551.6 | OT4: 13572.9 | OU4: 13593.6 | OV4: 13613.6 | OW4: 13632.9 | OX4: 13651.5 | OY4: 13669.5 | OZ4: 13686.8 | PA4: 13703.5 | PB4: 13719.5 | PC4: 13734.8 | PD4: 13749.5 | PE4: 13763.6 | PF4: 13776.9 | PG4: 13789.7 | PH4: 13801.8 | PI4: 13813.2 | PJ4: 13824 | PK4: 13834.1 | PL4: 13843.7 | PM4: 13852.5 | PN4: 13860.8 | PO4: 13868.3 | PP4: 13875.3 | PQ4: 13881.6 | PR4: 13887.3 | PS4: 13892.4 | PT4: 13896.8 | PU4: 13900.5 | PV4: 13903.7 | PW4: 13906.2 | PX4: 13908.1 | PY4: 13909.4 | PZ4: 13910 | QA4: 13910 | QB4: 13910 | QC4: 13910 | QD4: 13910 | QE4: 13910.7 | QF4: 13912.2 | QG4: 13914.5 | QH4: 13917.5 | QI4: 13921.2 | QJ4: 13925.6 | QK4: 13930.9 | QL4: 13936.8 | QM4: 13943.5 | QN4: 13950.9 | QO4: 13959.1 | QP4: 13968 | QQ4: 13977.6 | QR4: 13988 | QS4: 13999 | QT4: 14010.6 | QU4: 14022.9 | QV4: 14035.7 | QW4: 14049.1 | QX4: 14063 | QY4: 14077.5 | QZ4: 14092.4 | RA4: 14107.9 | RB4: 14123.8 | RC4: 14140.2 | RD4: 14157 | RE4: 14174.2 | RF4: 14191.9 | RG4: 14210 | RH4: 14228.5 | RI4: 14247.3 | RJ4: 14266.6 | RK4: 14286.2 | RL4: 14306.1 | RM4: 14326.4 | RN4: 14347.1 | RO4: 14368 | RP4: 14389.3 | RQ4: 14410.9 | RR4: 14432.7 | RS4: 14454.9 | RT4: 14477.3 | RU4: 14500.1 | RV4: 14523.1 | RW4: 14546.3 | RX4: 14569.8 | RY4: 14593.6 | RZ4: 14617.6 | SA4: 14641.8 | SB4: 14666.3 | SC4: 14691 | SD4: 14716 | SE4: 14741.2 | SF4: 14766.5 | SG4: 14792.1 | SH4: 14817.9 | SI4: 14843.9 | SJ4: 14870.1 | SK4: 14896.5 | SL4: 14923.1 | SM4: 14949.9 | SN4: 14976.9 | SO4: 15004 | SP4: 15031.3 | SQ4: 15058.8 | SR4: 15086.5 | SS4: 15114.3 | ST4: 15142.3 | SU4: 15170.5 | SV4: 15198.8 | SW4: 15227.2 | SX4: 15255.9 | SY4: 15284.6 | SZ4: 15313.5 | TA4: 15342.6 | TB4: 15371.8 | TC4: 15401.1 | TD4: 15430.6 | TE4: 15460.2 | TF4: 15489.9 | TG4: 15519.8 | TH4: 15549.8 | TI4: 15579.9 | TJ4: 15610.2 | TK4: 15640.5 | TL4: 15671 | TM4: 15701.7 | TN4: 15732.4 | TO4: 15763.3 | TP4: 15794.2 | TQ4: 15825.3 | TR4: 15856.5 | TS4: 15887.8 | TT4: 15919.2 | TU4: 15950.7 | TV4: 15982.4 | TW4: 16014.1 | TX4: 16045.9 | TY4: 16077.8 | TZ4: 16109.9 | UA4: 16142 | UB4: 16174.2 | UC4: 16206.5 | UD4: 16238.9 | UE4: 16271.4 | UF4: 16304 | UG4: 16336.7 | UH4: 16369.5 | UI4: 16402.3 | UJ4: 16435.3 | UK4: 16468.3 | UL4: 16501.4 | UM4: 16534.6 | UN4: 16567.9 | UO4: 16601.3 | UP4: 16634.7 | UQ4: 16668.2 | UR4: 16701.8 | US4: 16735.5 | UT4: 16769.2 | UU4: 16803 | UV4: 16836.9 | UW4: 16870.9 | UX4: 16904.9 | UY4: 16939.1 | UZ4: 16973.2 | VA4: 17007.5 | VB4: 17041.8 | VC4: 17076.2 | VD4: 17110.6 | VE4: 17145.2 | VF4: 17179.8 | VG4: 17214.4 | VH4: 17249.1 | VI4: 17283.9 | VJ4: 17318.8 | VK4: 17353.7 | VL4: 17388.6 | VM4: 17423.7 | VN4: 17458.7 | VO4: 17493.9 | VP4: 17529.1 | VQ4: 17564.4 | VR4: 17599.7 | VS4: 17635.1 | VT4: 17670.5 | VU4: 17706 | VV4: 17741.5 | VW4: 17777.1 | VX4: 17812.8 | VY4: 17848.5 | VZ4: 17884.3 | WA4: 17920.1 | WB4: 17955.9 | WC4: 17991.9 | WD4: 18027.8 | WE4: 18063.8 | WF4: 18099.9 | WG4: 18136 | WH4: 18172.2 | WI4: 18208.4 | WJ4: 18244.7 | WK4: 18281 | WL4: 18317.3 | WM4: 18353.7 | WN4: 18390.2 | WO4: 18426.7 | WP4: 18463.2 | WQ4: 18499.8 | WR4: 18536.4 | WS4: 18573.1 | WT4: 18609.8 | WU4: 18646.6 | WV4: 18683.4 | WW4: 18720.2 | WX4: 18757.1 | WY4: 18794.1 | WZ4: 18831 | XA4: 18868 | XB4: 18905.1 | XC4: 18942.2 | XD4: 18979.3 | XE4: 19016.5 | XF4: 19053.7 | XG4: 19090.9 | XH4: 19128.2 | XI4: 19165.6 | XJ4: 19202.9 | XK4: 19240.3 | XL4: 19277.8 | XM4: 19315.2 | XN4: 19352.8 | XO4: 19390.3 | XP4: 19427.9 | XQ4: 19465.5 | XR4: 19503.2 | XS4: 19540.8 | XT4: 19578.6 | XU4: 19616.3 | XV4: 19654.1 | XW4: 19691.9 | XX4: 19729.8 | XY4: 19767.6 | XZ4: 19805.6 | YA4: 19843.5 | YB4: 19881.5 | YC4: 19919.5 | YD4: 19957.5 | YE4: 19995.6 | YF4: 20033.7 | YG4: 20071.8 | YH4: 20109.9 | YI4: 20148.1 | YJ4: 20186.3 | YK4: 20224.6 | YL4: 20262.9 | YM4: 20301.2 | YN4: 20339.5 | YO4: 20377.9 | YP4: 20416.3 | YQ4: 20454.7 | YR4: 20493.1 | YS4: 20531.6 | YT4: 20570.1 | YU4: 20608.7 | YV4: 20647.3 | YW4: 20685.9 | YX4: 20724.5 | YY4: 20763.1 | YZ4: 20801.8 | ZA4: 20840.5 | ZB4: 20879.3 | ZC4: 20918 | ZD4: 20956.8 | ZE4: 20995.6 | ZF4: 21034.5 | ZG4: 21073.3 | ZH4: 21112.2 | ZI4: 21151.1 | ZJ4: 21190.1 | ZK4: 21229.1 | ZL4: 21268.1 | ZM4: 21307.1 | ZN4: 21346.1 | ZO4: 21385.2 | ZP4: 21424.3 | ZQ4: 21463.4 | ZR4: 21502.6 | ZS4: 21541.7 | ZT4: 21580.9 | ZU4: 21620.1 | ZV4: 21659.4 | ZW4: 21698.6 | ZX4: 21737.9 | ZY4: 21777.2 | ZZ4: 21816.6 | AAA4: 21855.9 | AAB4: 21895.3 | AAC4: 21934.7 | AAD4: 21974.1 | AAE4: 22013.6 | AAF4: 22053 | AAG4: 22092.5 | AAH4: 22132 | AAI4: 22171.5 | AAJ4: 22211 | AAK4: 22250.6 | AAL4: 22290.1 | AAM4: 22329.7 | AAN4: 22369.3 | AAO4: 22409 | AAP4: 22448.6 | AAQ4: 22488.3 | AAR4: 22528 | AAS4: 22567.7 | AAT4: 22607.4 | AAU4: 22647.1 | AAV4: 22686.8 | AAW4: 22726.6 | AAX4: 22766.4 | AAY4: 22806.2 | AAZ4: 22846 | ABA4: 22885.8 | ABB4: 22925.7 | ABC4: 22965.6 | ABD4: 23005.5 | ABE4: 23045.4 | ABF4: 23085.3 | ABG4: 23125.3 | ABH4: 23165.3 | ABI4: 23205.2 | ABJ4: 23245.3 | ABK4: 23285.3 | ABL4: 23325.3 | ABM4: 23365.4 | ABN4: 23405.5 | ABO4: 23445.6 | ABP4: 23485.7 | ABQ4: 23525.9 | ABR4: 23566 | ABS4: 23606.2 | ABT4: 23646.4 | ABU4: 23686.6 | ABV4: 23726.8 | ABW4: 23767.1 | ABX4: 23807.3 | ABY4: 23847.6 | ABZ4: 23887.9 | ACA4: 23928.2 | ACB4: 23968.5 | ACC4: 24008.9 | ACD4: 24049.3 | ACE4: 24089.6 | ACF4: 24130 | ACG4: 24170.5 | ACH4: 24210.9 | ACI4: 24251.3 | ACJ4: 24291.8 | ACK4: 24332.3 | ACL4: 24372.8 | ACM4: 24413.3 | ACN4: 24453.8 | ACO4: 24494.4 | ACP4: 24535 | ACQ4: 24575.5 | ACR4: 24616.1 | ACS4: 24656.7 | ACT4: 24697.4 | ACU4: 24738 | ACV4: 24778.7 | ACW4: 24819.3 | ACX4: 24860 | ACY4: 24900.7 | ACZ4: 24941.4 | ADA4: 24982.2 | ADB4: 25022.9 | ADC4: 25063.7 | ADD4: 25104.4 | ADE4: 25145.2 | ADF4: 25186 | ADG4: 25226.8 | ADH4: 25267.7 | ADI4: 25308.5 | ADJ4: 25349.4 | ADK4: 25390.2 | ADL4: 25431.1 | ADM4: 25472 | ADN4: 25512.9 | ADO4: 25553.8 | ADP4: 25594.7 | ADQ4: 25635.7 | ADR4: 25676.6 | ADS4: 25717.6 | ADT4: 25758.5 | ADU4: 25799.5 | ADV4: 25840.5 | ADW4: 25881.5 | ADX4: 25922.5 | ADY4: 25963.6 | ADZ4: 26004.6 | AEA4: 26045.7 | AEB4: 26086.8 | AEC4: 26127.9 | AED4: 26169 | AEE4: 26210.1 | AEF4: 26251.2 | AEG4: 26292.4 | AEH4: 26333.5 | AEI4: 26374.7 | AEJ4: 26415.9 | AEK4: 26457.1 | AEL4: 26498.3 | AEM4: 26539.5 | AEN4: 26580.8 | AEO4: 26622 | AEP4: 26663.3 | AEQ4: 26704.6 | AER4: 26745.9 | AES4: 26787.2 | AET4: 26828.5 | AEU4: 26869.8 | AEV4: 26911.2 | AEW4: 26952.5 | AEX4: 26993.9 | AEY4: 27035.2 | AEZ4: 27076.6 | AFA4: 27118 | AFB4: 27159.5 | AFC4: 27200.9 | AFD4: 27242.3 | AFE4: 27283.8 | AFF4: 27325.2 | AFG4: 27366.7 | AFH4: 27408.2 | AFI4: 27449.7 | AFJ4: 27491.2 | AFK4: 27532.7 | AFL4: 27574.2 | AFM4: 27615.8 | AFN4: 27657.3 | AFO4: 27698.9 | AFP4: 27740.5 | AFQ4: 27782.1 | AFR4: 27823.7 | AFS4: 27865.3 | AFT4: 27906.9 | AFU4: 27948.5 | AFV4: 27990.1 | AFW4: 28031.8 | AFX4: 28073.4 | AFY4: 28115.1 | AFZ4: 28156.8 | AGA4: 28198.5 | AGB4: 28240.2 | AGC4: 28281.9 | AGD4: 28323.6 | AGE4: 28365.4 | AGF4: 28407.1 | AGG4: 28448.9 | AGH4: 28490.6 | AGI4: 28532.4 | AGJ4: 28574.2 | AGK4: 28616 | AGL4: 28657.8 | AGM4: 28699.6 | AGN4: 28741.5 | AGO4: 28783.3 | AGP4: 28825.2 | AGQ4: 28867 | AGR4: 28908.9 | AGS4: 28950.8 | AGT4: 28992.7 | AGU4: 29034.6 | AGV4: 29076.5 | AGW4: 29118.4 | AGX4: 29160.3 | AGY4: 29202.3 | AGZ4: 29244.2 | AHA4: 29286.2 | AHB4: 29328.1 | AHC4: 29370.1 | AHD4: 29412.1 | AHE4: 29454.1 | AHF4: 29496.1 | AHG4: 29538.1 | AHH4: 29580.1 | AHI4: 29622.1 | AHJ4: 29664.2 | AHK4: 29706.2 | AHL4: 29748.3 | AHM4: 29790.3 | AHN4: 29832.4 | AHO4: 29874.5 | AHP4: 29916.6 | AHQ4: 29958.7 | AHR4: 30000.8 | AHS4: 30042.9 | AHT4: 30085.1 | AHU4: 30127.2 | AHV4: 30169.4 | AHW4: 30211.5 | AHX4: 30253.7 | AHY4: 30295.9 | AHZ4: 30338 | AIA4: 30380.2 | AIB4: 30422.4 | AIC4: 30464.7 | AID4: 30506.9 | AIE4: 30549.1 | AIF4: 30591.4 | AIG4: 30633.6 | AIH4: 30675.9 | AII4: 30718.1 | AIJ4: 30760.4 | AIK4: 30802.7 | AIL4: 30845 | AIM4: 30887.3 | AIN4: 30929.6 | AIO4: 30971.9 | AIP4: 31014.2 | AIQ4: 31056.6 | AIR4: 31098.9 | AIS4: 31141.3 | AIT4: 31183.6 | AIU4: 31226 | AIV4: 31268.4 | AIW4: 31310.8 | AIX4: 31353.2 | AIY4: 31395.6 | AIZ4: 31438 | AJA4: 31480.4 | AJB4: 31522.8 | AJC4: 31565.2 | AJD4: 31607.7 | AJE4: 31650.1 | AJF4: 31692.6 | AJG4: 31735 | AJH4: 31777.5 | AJI4: 31820 | AJJ4: 31862.5 | AJK4: 31905 | AJL4: 31947.5 | AJM4: 31990 | AJN4: 32032.5 | AJO4: 32075 | AJP4: 32117.6 | AJQ4: 32160.1 | AJR4: 32202.7 | AJS4: 32245.2 | AJT4: 32287.8 | AJU4: 32330.4 | AJV4: 32373 | AJW4: 32415.6 | AJX4: 32458.2 | AJY4: 32500.8 | AJZ4: 32543.4 | AKA4: 32586 | AKB4: 32628.6 | AKC4: 32671.3 | AKD4: 32713.9 | AKE4: 32756.6 | AKF4: 32799.2 | AKG4: 32841.9 | AKH4: 32884.6 | AKI4: 32927.3 | AKJ4: 32970 | AKK4: 33012.7 | AKL4: 33055.4 | AKM4: 33098.1 | AKN4: 33140.8 | AKO4: 33183.5 | AKP4: 33226.3 | AKQ4: 33269 | AKR4: 33311.8 | AKS4: 33354.6 | AKT4: 33397.3 | AKU4: 33440.1 | AKV4: 33482.9 | AKW4: 33525.7 | AKX4: 33568.5 | AKY4: 33611.3 | AKZ4: 33654.1 | ALA4: 33696.9 | ALB4: 33739.7 | ALC4: 33782.6 | ALD4: 33825.4 | ALE4: 33868.2 | ALF4: 33911.1 | ALG4: 33953.9 | ALH4: 33996.8 | ALI4: 34039.7 | ALJ4: 34082.6 | ALK4: 34125.5 | ALL4: 34168.4 | ALM4: 34211.3 | ALN4: 34254.2 | ALO4: 34297.1 | ALP4: 34340
A5: TRAIN_Spr2-1 | B5: 0 | C5: 1 | D5: B | E5: 71301 | F5: 71301 | G5: 71301 | H5: 71301 | I5: 71301 | J5: 71301 | K5: 71301 | L5: 71301 | M5: 71301 | N5: 71301 | O5: 71301 | P5: 71301 | Q5: 71301 | R5: 71301 | S5: 71301 | T5: 71301 | U5: 71301 | V5: 71301 | W5: 71301 | X5: 71301 | Y5: 71301 | Z5: 71301 | AA5: 71301 | AB5: 71301 | AC5: 71301 | AD5: 71301 | AE5: 71301 | AF5: 71301 | AG5: 71301 | AH5: 71301 | AI5: 71301 | AJ5: 71301 | AK5: 71301 | AL5: 71301 | AM5: 71301 | AN5: 71301 | AO5: 71301 | AP5: 71301 | AQ5: 71301 | AR5: 71301 | AS5: 71301 | AT5: 71301 | AU5: 71301 | AV5: 71301 | AW5: 71301 | AX5: 71301 | AY5: 71301 | AZ5: 71301 | BA5: 71301 | BB5: 71301 | BC5: 71301 | BD5: 71301 | BE5: 71301 | BF5: 71301 | BG5: 71301 | BH5: 71301 | BI5: 71301 | BJ5: 71301 | BK5: 71301 | BL5: 71301 | BM5: 71301 | BN5: 71301 | BO5: 71301 | BP5: 71301 | BQ5: 71301 | BR5: 71301 | BS5: 71301 | BT5: 71301 | BU5: 71301 | BV5: 71301 | BW5: 71301 | BX5: 71301 | BY5: 71301 | BZ5: 71301 | CA5: 71301 | CB5: 71301 | CC5: 71301 | CD5: 71301 | CE5: 71301 | CF5: 71301 | CG5: 71301 | CH5: 71301 | CI5: 71301 | CJ5: 71301 | CK5: 71301 | CL5: 71301 | CM5: 71301 | CN5: 71301 | CO5: 71301 | CP5: 71301 | CQ5: 71301 | CR5: 71301 | CS5: 71301 | CT5: 71301 | CU5: 71301 | CV5: 71301 | CW5: 71301 | CX5: 71301 | CY5: 71301 | CZ5: 71301 | DA5: 71301 | DB5: 71301 | DC5: 71301 | DD5: 71301 | DE5: 71301 | DF5: 71301 | DG5: 71301 | DH5: 71301 | DI5: 71301 | DJ5: 71301 | DK5: 71301 | DL5: 71301 | DM5: 71301 | DN5: 71301 | DO5: 71301 | DP5: 71301 | DQ5: 71301 | DR5: 71301 | DS5: 71301 | DT5: 71301 | DU5: 71301 | DV5: 71301 | DW5: 71301 | DX5: 71301 | DY5: 71301 | DZ5: 71301 | EA5: 71301 | EB5: 71301 | EC5: 71301 | ED5: 71301 | EE5: 71301 | EF5: 71301 | EG5: 71301 | EH5: 71301 | EI5: 71301 | EJ5: 71301 | EK5: 71301 | EL5: 71301 | EM5: 71301 | EN5: 71301 | EO5: 71301 | EP5: 71301 | EQ5: 71301 | ER5: 71301 | ES5: 71301 | ET5: 71301 | EU5: 71301 | EV5: 71301 | EW5: 71301 | EX5: 71301 | EY5: 71301 | EZ5: 71301 | FA5: 71301 | FB5: 71301 | FC5: 71301 | FD5: 71301 | FE5: 71301 | FF5: 71301 | FG5: 71301 | FH5: 71301 | FI5: 71301 | FJ5: 71301 | FK5: 71301 | FL5: 71301 | FM5: 71301 | FN5: 71301 | FO5: 71301 | FP5: 71301 | FQ5: 71301 | FR5: 71301 | FS5: 71301 | FT5: 71301 | FU5: 71301 | FV5: 71301 | FW5: 71301 | FX5: 71301 | FY5: 71301 | FZ5: 71301 | GA5: 71301 | GB5: 71301 | GC5: 71301 | GD5: 71301 | GE5: 71301 | GF5: 71301 | GG5: 71301 | GH5: 71301 | GI5: 71301 | GJ5: 71301 | GK5: 71301 | GL5: 71301 | GM5: 71301 | GN5: 71301 | GO5: 71301 | GP5: 71301 | GQ5: 71301 | GR5: 71301 | GS5: 71301 | GT5: 71301 | GU5: 71301 | GV5: 71301 | GW5: 71301 | GX5: 71301 | GY5: 71301 | GZ5: 71301 | HA5: 71301 | HB5: 71301 | HC5: 71301 | HD5: 71301 | HE5: 71301 | HF5: 71301 | HG5: 71301 | HH5: 71301 | HI5: 71301 | HJ5: 71301 | HK5: 71301 | HL5: 71301 | HM5: 71301 | HN5: 71301 | HO5: 71301 | HP5: 71301 | HQ5: 71301 | HR5: 71301 | HS5: 71301 | HT5: 71301 | HU5: 71301 | HV5: 71301 | HW5: 71301 | HX5: 71301 | HY5: 71301 | HZ5: 71301 | IA5: 71301 | IB5: 71301 | IC5: 71301 | ID5: 71301 | IE5: 71301 | IF5: 71301 | IG5: 71301 | IH5: 71301 | II5: 71301 | IJ5: 71301 | IK5: 71301 | IL5: 71301 | IM5: 71301 | IN5: 71301 | IO5: 71301 | IP5: 71301 | IQ5: 71301 | IR5: 71301 | IS5: 71301 | IT5: 71301 | IU5: 71301 | IV5: 71301 | IW5: 71301 | IX5: 71301 | IY5: 71301 | IZ5: 71301 | JA5: 71301 | JB5: 71301 | JC5: 71301 | JD5: 71301 | JE5: 71301 | JF5: 71301 | JG5: 71301 | JH5: 71301 | JI5: 71301 | JJ5: 71301 | JK5: 71301 | JL5: 71301 | JM5: 71301 | JN5: 71301 | JO5: 71301 | JP5: 71301 | JQ5: 71301 | JR5: 71301 | JS5: 71301 | JT5: 71301 | JU5: 71301 | JV5: 71301 | JW5: 71301 | JX5: 71301 | JY5: 71301 | JZ5: 71301 | KA5: 71301 | KB5: 71301 | KC5: 71301 | KD5: 71301 | KE5: 71301 | KF5: 71301 | KG5: 71301 | KH5: 71301 | KI5: 71301 | KJ5: 71301 | KK5: 71301 | KL5: 71301 | KM5: 71301 | KN5: 71301 | KO5: 71301 | KP5: 71301 | KQ5: 71301 | KR5: 71301 | KS5: 71301 | KT5: 71301 | KU5: 71301 | KV5: 71301 | KW5: 71301 | KX5: 71301 | KY5: 71301 | KZ5: 71301 | LA5: 71301 | LB5: 71301 | LC5: 71301 | LD5: 71301 | LE5: 71301 | LF5: 71301 | LG5: 71301 | LH5: 71301 | LI5: 71301 | LJ5: 71301 | LK5: 71301 | LL5: 71301 | LM5: 71301 | LN5: 71301 | LO5: 71301 | LP5: 71301 | LQ5: 71301 | LR5: 71301 | LS5: 71301 | LT5: 71301 | LU5: 71301 | LV5: 71301 | LW5: 71301 | LX5: 71301 | LY5: 71301 | LZ5: 71301 | MA5: 71301 | MB5: 71301 | MC5: 71301 | MD5: 71301 | ME5: 71301 | MF5: 71301 | MG5: 71301 | MH5: 71301 | MI5: 71301 | MJ5: 71301 | MK5: 71301 | ML5: 71301 | MM5: 71301 | MN5: 71301 | MO5: 71301 | MP5: 71301 | MQ5: 71301 | MR5: 71301 | MS5: 71301 | MT5: 71301 | MU5: 71301 | MV5: 71301 | MW5: 71301 | MX5: 71301 | MY5: 71301 | MZ5: 71301 | NA5: 71301 | NB5: 71301 | NC5: 71301 | ND5: 71301 | NE5: 71301 | NF5: 71301 | NG5: 71301 | NH5: 71301 | NI5: 71301 | NJ5: 71301 | NK5: 71301 | NL5: 71301 | NM5: 71301 | NN5: 71301 | NO5: 71301 | NP5: 71301 | NQ5: 71301 | NR5: 71301 | NS5: 71301 | NT5: 71301 | NU5: 71301 | NV5: 71301 | NW5: 71301 | NX5: 71301 | NY5: 71301 | NZ5: 71301 | OA5: 71301 | OB5: 71301 | OC5: 71301 | OD5: 71301 | OE5: 71301 | OF5: 71301 | OG5: 71301 | OH5: 71301 | OI5: 71301 | OJ5: 71301 | OK5: 71301 | OL5: 71301 | OM5: 71301 | ON5: 71301 | OO5: 71301 | OP5: 71301 | OQ5: 71301 | OR5: 71301 | OS5: 71301 | OT5: 71301 | OU5: 71301 | OV5: 71301 | OW5: 71301 | OX5: 71301 | OY5: 71301 | OZ5: 71301 | PA5: 71301 | PB5: 71301 | PC5: 71301 | PD5: 71301 | PE5: 71301 | PF5: 71301 | PG5: 71301 | PH5: 71301 | PI5: 71301 | PJ5: 71301 | PK5: 71301 | PL5: 71301 | PM5: 71301 | PN5: 71301 | PO5: 71301 | PP5: 71301 | PQ5: 71301 | PR5: 71301 | PS5: 71301 | PT5: 71301 | PU5: 71301 | PV5: 71301 | PW5: 71301 | PX5: 71301 | PY5: 71301 | PZ5: 71301 | QA5: 71301 | QB5: 71301 | QC5: 71301 | QD5: 71301 | QE5: 71301 | QF5: 71301 | QG5: 71301 | QH5: 71301 | QI5: 71301 | QJ5: 71301 | QK5: 71301 | QL5: 71301 | QM5: 71301 | QN5: 71301 | QO5: 71301 | QP5: 71301 | QQ5: 71301 | QR5: 71301 | QS5: 71301 | QT5: 71301 | QU5: 71301 | QV5: 71301 | QW5: 71301 | QX5: 71301 | QY5: 71301 | QZ5: 71301 | RA5: 71301 | RB5: 71301 | RC5: 71301 | RD5: 71301 | RE5: 71301 | RF5: 71301 | RG5: 71301 | RH5: 71301 | RI5: 71301 | RJ5: 71301 | RK5: 71301 | RL5: 71301 | RM5: 71301 | RN5: 71301 | RO5: 71301 | RP5: 71301 | RQ5: 71301 | RR5: 71301 | RS5: 71301 | RT5: 71301 | RU5: 71301 | RV5: 71301 | RW5: 71301 | RX5: 71301 | RY5: 71301 | RZ5: 71301 | SA5: 71301 | SB5: 71301 | SC5: 71301 | SD5: 71301 | SE5: 71301 | SF5: 71301 | SG5: 71301 | SH5: 71301 | SI5: 71301 | SJ5: 71301 | SK5: 71301 | SL5: 71300.3 | SM5: 71298.8 | SN5: 71296.5 | SO5: 71293.5 | SP5: 71289.8 | SQ5: 71285.4 | SR5: 71280.1 | SS5: 71274.2 | ST5: 71267.5 | SU5: 71260.1 | SV5: 71251.9 | SW5: 71243 | SX5: 71233.4 | SY5: 71223 | SZ5: 71212 | TA5: 71200.3 | TB5: 71188.1 | TC5: 71175.3 | TD5: 71161.9 | TE5: 71147.9 | TF5: 71133.5 | TG5: 71118.5 | TH5: 71103.1 | TI5: 71087.1 | TJ5: 71070.8 | TK5: 71053.9 | TL5: 71036.6 | TM5: 71019 | TN5: 71000.9 | TO5: 70982.4 | TP5: 70963.5 | TQ5: 70944.2 | TR5: 70924.6 | TS5: 70904.7 | TT5: 70884.4 | TU5: 70863.7 | TV5: 70842.7 | TW5: 70821.5 | TX5: 70799.9 | TY5: 70778 | TZ5: 70755.8 | UA5: 70733.3 | UB5: 70710.6 | UC5: 70687.5 | UD5: 70664.2 | UE5: 70640.7 | UF5: 70616.9 | UG5: 70592.8 | UH5: 70568.5 | UI5: 70544 | UJ5: 70519.2 | UK5: 70494.3 | UL5: 70469 | UM5: 70443.6 | UN5: 70418 | UO5: 70397.4 | UP5: 70374.9 | UQ5: 70350.2 | UR5: 70326.2 | US5: 70302.9 | UT5: 70280.2 | UU5: 70258.2 | UV5: 70236.9 | UW5: 70216.3 | UX5: 70196.3 | UY5: 70177 | UZ5: 70158.4 | VA5: 70140.4 | VB5: 70123.1 | VC5: 70106.4 | VD5: 70090.5 | VE5: 70075.1 | VF5: 70060.4 | VG5: 70046.4 | VH5: 70033 | VI5: 70020.3 | VJ5: 70008.2 | VK5: 69996.8 | VL5: 69986 | VM5: 69975.8 | VN5: 69966.3 | VO5: 69957.5 | VP5: 69949.2 | VQ5: 69941.6 | VR5: 69934.7 | VS5: 69928.4 | VT5: 69922.7 | VU5: 69917.6 | VV5: 69913.2 | VW5: 69909.4 | VX5: 69906.3 | VY5: 69903.8 | VZ5: 69901.9 | WA5: 69900.6 | WB5: 69900 | WC5: 69900 | WD5: 69900 | WE5: 69900 | WF5: 69900 | WG5: 69899.3 | WH5: 69897.8 | WI5: 69895.5 | WJ5: 69892.5 | WK5: 69888.8 | WL5: 69884.4 | WM5: 69879.2 | WN5: 69873.2 | WO5: 69866.5 | WP5: 69859.1 | WQ5: 69850.9 | WR5: 69842 | WS5: 69832.4 | WT5: 69822 | WU5: 69811 | WV5: 69799.4 | WW5: 69787.1 | WX5: 69774.3 | WY5: 69760.9 | WZ5: 69747 | XA5: 69732.6 | XB5: 69717.6 | XC5: 69702.2 | XD5: 69686.3 | XE5: 69669.9 | XF5: 69653.1 | XG5: 69635.8 | XH5: 69618.2 | XI5: 69600.1 | XJ5: 69581.6 | XK5: 69562.8 | XL5: 69543.6 | XM5: 69524 | XN5: 69504.1 | XO5: 69483.8 | XP5: 69463.2 | XQ5: 69442.2 | XR5: 69421 | XS5: 69399.4 | XT5: 69377.5 | XU5: 69355.4 | XV5: 69332.9 | XW5: 69310.2 | XX5: 69287.2 | XY5: 69263.9 | XZ5: 69240.4 | YA5: 69216.6 | YB5: 69192.6 | YC5: 69168.3 | YD5: 69143.8 | YE5: 69119 | YF5: 69094.1 | YG5: 69068.9 | YH5: 69043.4 | YI5: 69017.8 | YJ5: 68992 | YK5: 68965.9 | YL5: 68939.7 | YM5: 68913.3 | YN5: 68886.6 | YO5: 68859.8 | YP5: 68832.8 | YQ5: 68805.6 | YR5: 68778.3 | YS5: 68750.7 | YT5: 68723 | YU5: 68695.2 | YV5: 68667.1 | YW5: 68638.9 | YX5: 68610.6 | YY5: 68582.1 | YZ5: 68553.4 | ZA5: 68524.6 | ZB5: 68495.6 | ZC5: 68466.5 | ZD5: 68437.3 | ZE5: 68407.9 | ZF5: 68378.3 | ZG5: 68348.7 | ZH5: 68318.9 | ZI5: 68289 | ZJ5: 68258.9 | ZK5: 68228.7 | ZL5: 68198.4 | ZM5: 68168 | ZN5: 68137.4 | ZO5: 68106.7 | ZP5: 68075.9 | ZQ5: 68045 | ZR5: 68014 | ZS5: 67982.9 | ZT5: 67951.6 | ZU5: 67920.3 | ZV5: 67888.8 | ZW5: 67857.3 | ZX5: 67825.6 | ZY5: 67793.8 | ZZ5: 67761.9 | AAA5: 67730 | AAB5: 67697.9 | AAC5: 67665.7 | AAD5: 67633.5 | AAE5: 67601.1 | AAF5: 67568.7 | AAG5: 67536.1 | AAH5: 67503.5 | AAI5: 67470.8 | AAJ5: 67438 | AAK5: 67405.1 | AAL5: 67372.1 | AAM5: 67339 | AAN5: 67305.9 | AAO5: 67272.7 | AAP5: 67239.3 | AAQ5: 67206 | AAR5: 67172.5 | AAS5: 67138.9 | AAT5: 67105.3 | AAU5: 67071.6 | AAV5: 67037.8 | AAW5: 67004 | AAX5: 66970.1 | AAY5: 66936.1 | AAZ5: 66902 | ABA5: 66867.8 | ABB5: 66833.6 | ABC5: 66799.4 | ABD5: 66765 | ABE5: 66730.6 | ABF5: 66696.1 | ABG5: 66661.6 | ABH5: 66626.9 | ABI5: 66592.3 | ABJ5: 66557.5 | ABK5: 66522.7 | ABL5: 66487.8 | ABM5: 66452.9 | ABN5: 66417.9 | ABO5: 66382.9 | ABP5: 66347.8 | ABQ5: 66312.6 | ABR5: 66277.4 | ABS5: 66242.1 | ABT5: 66206.7 | ABU5: 66171.3 | ABV5: 66135.9 | ABW5: 66100.4 | ABX5: 66064.8 | ABY5: 66029.2 | ABZ5: 65993.5 | ACA5: 65957.8 | ACB5: 65922 | ACC5: 65886.1 | ACD5: 65850.3 | ACE5: 65814.3 | ACF5: 65778.3 | ACG5: 65742.3 | ACH5: 65706.2 | ACI5: 65670.1 | ACJ5: 65633.9 | ACK5: 65597.7 | ACL5: 65561.4 | ACM5: 65525.1 | ACN5: 65488.7 | ACO5: 65452.3 | ACP5: 65415.8 | ACQ5: 65379.3 | ACR5: 65342.7 | ACS5: 65306.1 | ACT5: 65269.5 | ACU5: 65232.8 | ACV5: 65196.1 | ACW5: 65159.3 | ACX5: 65122.5 | ACY5: 65085.6 | ACZ5: 65048.7 | ADA5: 65011.7 | ADB5: 64974.8 | ADC5: 64937.7 | ADD5: 64900.7 | ADE5: 64863.6 | ADF5: 64826.4 | ADG5: 64789.2 | ADH5: 64752 | ADI5: 64714.7 | ADJ5: 64677.4 | ADK5: 64640.1 | ADL5: 64602.7 | ADM5: 64565.3 | ADN5: 64527.8 | ADO5: 64490.4 | ADP5: 64452.8 | ADQ5: 64415.3 | ADR5: 64377.7 | ADS5: 64340.1 | ADT5: 64302.4 | ADU5: 64264.7 | ADV5: 64227 | ADW5: 64189.2 | ADX5: 64151.4 | ADY5: 64113.6 | ADZ5: 64075.7 | AEA5: 64037.8 | AEB5: 63999.9 | AEC5: 63961.9 | AED5: 63923.9 | AEE5: 63885.9 | AEF5: 63847.8 | AEG5: 63809.7 | AEH5: 63771.6 | AEI5: 63733.5 | AEJ5: 63695.3 | AEK5: 63657.1 | AEL5: 63618.8 | AEM5: 63580.6 | AEN5: 63542.3 | AEO5: 63503.9 | AEP5: 63465.6 | AEQ5: 63427.2 | AER5: 63388.8 | AES5: 63350.3 | AET5: 63311.9 | AEU5: 63273.3 | AEV5: 63234.8 | AEW5: 63196.3 | AEX5: 63157.7 | AEY5: 63119 | AEZ5: 63080.4 | AFA5: 63041.7 | AFB5: 63003 | AFC5: 62964.3 | AFD5: 62925.5 | AFE5: 62886.8 | AFF5: 62848 | AFG5: 62809.1 | AFH5: 62770.3 | AFI5: 62731.4 | AFJ5: 62692.5 | AFK5: 62653.5 | AFL5: 62614.6 | AFM5: 62575.6 | AFN5: 62536.6 | AFO5: 62497.5 | AFP5: 62458.5 | AFQ5: 62419.4 | AFR5: 62380.3 | AFS5: 62341.1 | AFT5: 62302 | AFU5: 62262.8 | AFV5: 62223.6 | AFW5: 62184.3 | AFX5: 62145.1 | AFY5: 62105.8 | AFZ5: 62066.5 | AGA5: 62027.1 | AGB5: 61987.8 | AGC5: 61948.4 | AGD5: 61909 | AGE5: 61869.6 | AGF5: 61830.2 | AGG5: 61790.7 | AGH5: 61751.2 | AGI5: 61711.7 | AGJ5: 61672.2 | AGK5: 61632.6 | AGL5: 61593.1 | AGM5: 61553.5 | AGN5: 61513.8 | AGO5: 61474.2 | AGP5: 61434.6 | AGQ5: 61394.9 | AGR5: 61355.2 | AGS5: 61315.5 | AGT5: 61275.7 | AGU5: 61236 | AGV5: 61196.2 | AGW5: 61156.4 | AGX5: 61116.6 | AGY5: 61076.7 | AGZ5: 61036.9 | AHA5: 60997 | AHB5: 60957.1 | AHC5: 60917.2 | AHD5: 60877.3 | AHE5: 60837.4 | AHF5: 60797.4 | AHG5: 60757.4 | AHH5: 60717.4 | AHI5: 60677.4 | AHJ5: 60637.4 | AHK5: 60597.3 | AHL5: 60557.3 | AHM5: 60517.2 | AHN5: 60477.1 | AHO5: 60436.9 | AHP5: 60396.8 | AHQ5: 60356.6 | AHR5: 60316.4 | AHS5: 60276.2 | AHT5: 60236 | AHU5: 60195.8 | AHV5: 60155.5 | AHW5: 60115.3 | AHX5: 60075 | AHY5: 60034.7 | AHZ5: 59994.4 | AIA5: 59954 | AIB5: 59913.7 | AIC5: 59873.3 | AID5: 59832.9 | AIE5: 59792.5 | AIF5: 59752.1 | AIG5: 59711.6 | AIH5: 59671.2 | AII5: 59630.7 | AIJ5: 59590.2 | AIK5: 59549.7 | AIL5: 59509.2 | AIM5: 59468.6 | AIN5: 59428.1 | AIO5: 59387.5 | AIP5: 59346.9 | AIQ5: 59306.3 | AIR5: 59265.7 | AIS5: 59225.1 | AIT5: 59184.4 | AIU5: 59143.8 | AIV5: 59103.1 | AIW5: 59062.4 | AIX5: 59021.7 | AIY5: 58980.9 | AIZ5: 58940.2 | AJA5: 58899.4 | AJB5: 58858.7 | AJC5: 58817.9 | AJD5: 58777.1 | AJE5: 58736.2 | AJF5: 58695.4 | AJG5: 58654.6 | AJH5: 58613.7 | AJI5: 58572.8 | AJJ5: 58531.9 | AJK5: 58491 | AJL5: 58450.1 | AJM5: 58409.2 | AJN5: 58368.2 | AJO5: 58327.2 | AJP5: 58286.3 | AJQ5: 58245.3 | AJR5: 58204.3 | AJS5: 58163.2 | AJT5: 58122.2 | AJU5: 58081.2 | AJV5: 58040.1 | AJW5: 57999 | AJX5: 57957.9 | AJY5: 57916.8 | AJZ5: 57875.7 | AKA5: 57834.6 | AKB5: 57793.4 | AKC5: 57752.3 | AKD5: 57711.1 | AKE5: 57669.9 | AKF5: 57628.8 | AKG5: 57587.6 | AKH5: 57546.3 | AKI5: 57505.1 | AKJ5: 57463.9 | AKK5: 57422.6 | AKL5: 57381.4 | AKM5: 57340.1 | AKN5: 57298.8 | AKO5: 57257.5 | AKP5: 57216.2 | AKQ5: 57174.9 | AKR5: 57133.5 | AKS5: 57092.2 | AKT5: 57050.8 | AKU5: 57009.5 | AKV5: 56968.1 | AKW5: 56926.7 | AKX5: 56885.3 | AKY5: 56843.9 | AKZ5: 56802.5 | ALA5: 56761 | ALB5: 56719.6 | ALC5: 56678.1 | ALD5: 56636.7 | ALE5: 56595.2 | ALF5: 56553.7 | ALG5: 56512.2 | ALH5: 56470.7 | ALI5: 56429.2 | ALJ5: 56387.7 | ALK5: 56346.1 | ALL5: 56304.6 | ALM5: 56263 | ALN5: 56221.5 | ALO5: 56179.9 | ALP5: 56138.3
A6: 51159-1 | B6: 0 | C6: 0 | D6: A | E6: 64762 | F6: 64762 | G6: 64762 | H6: 64762 | I6: 64762 | J6: 64762 | K6: 64762 | L6: 64762 | M6: 64762 | N6: 64762 | O6: 64762 | P6: 64762 | Q6: 64762 | R6: 64762 | S6: 64762 | T6: 64762 | U6: 64762 | V6: 64762 | W6: 64762 | X6: 64762 | Y6: 64762 | Z6: 64762 | AA6: 64762 | AB6: 64762 | AC6: 64762 | AD6: 64762 | AE6: 64762 | AF6: 64762 | AG6: 64762 | AH6: 64762 | AI6: 64762 | AJ6: 64762 | AK6: 64762 | AL6: 64762 | AM6: 64762 | AN6: 64762 | AO6: 64762 | AP6: 64762 | AQ6: 64762 | AR6: 64762 | AS6: 64762 | AT6: 64762 | AU6: 64762 | AV6: 64762 | AW6: 64762 | AX6: 64762 | AY6: 64762 | AZ6: 64762 | BA6: 64762 | BB6: 64762 | BC6: 64762 | BD6: 64762 | BE6: 64762 | BF6: 64762 | BG6: 64762 | BH6: 64762 | BI6: 64762 | BJ6: 64762 | BK6: 64762 | BL6: 64762 | BM6: 64762 | BN6: 64762 | BO6: 64762 | BP6: 64762 | BQ6: 64762 | BR6: 64762 | BS6: 64762 | BT6: 64762 | BU6: 64762 | BV6: 64762 | BW6: 64762 | BX6: 64762 | BY6: 64762 | BZ6: 64762 | CA6: 64762 | CB6: 64762 | CC6: 64762 | CD6: 64762 | CE6: 64762 | CF6: 64762 | CG6: 64762 | CH6: 64762 | CI6: 64762 | CJ6: 64762 | CK6: 64762 | CL6: 64762 | CM6: 64762 | CN6: 64762 | CO6: 64762 | CP6: 64762 | CQ6: 64762 | CR6: 64762 | CS6: 64762 | CT6: 64762 | CU6: 64762 | CV6: 64762 | CW6: 64762 | CX6: 64762 | CY6: 64762 | CZ6: 64762 | DA6: 64762 | DB6: 64762 | DC6: 64762 | DD6: 64762 | DE6: 64762 | DF6: 64762 | DG6: 64762 | DH6: 64762 | DI6: 64762 | DJ6: 64762 | DK6: 64762 | DL6: 64762 | DM6: 64762 | DN6: 64762 | DO6: 64762 | DP6: 64762 | DQ6: 64762 | DR6: 64762 | DS6: 64762 | DT6: 64762 | DU6: 64762 | DV6: 64762.3 | DW6: 64762.9 | DX6: 64763.7 | DY6: 64764.8 | DZ6: 64766.3 | EA6: 64768 | EB6: 64770 | EC6: 64772.2 | ED6: 64774.8 | EE6: 64777.6 | EF6: 64780.7 | EG6: 64784.1 | EH6: 64787.7 | EI6: 64791.6 | EJ6: 64795.9 | EK6: 64800.3 | EL6: 64805.1 | EM6: 64810.1 | EN6: 64815.4 | EO6: 64821 | EP6: 64826.8 | EQ6: 64832.9 | ER6: 64839.3 | ES6: 64845.9 | ET6: 64852.8 | EU6: 64860 | EV6: 64867.4 | EW6: 64875.1 | EX6: 64883.1 | EY6: 64891.3 | EZ6: 64899.8 | FA6: 64908.6 | FB6: 64917.6 | FC6: 64926.9 | FD6: 64936.4 | FE6: 64946.2 | FF6: 64956.2 | FG6: 64966.5 | FH6: 64977.1 | FI6: 64987.9 | FJ6: 64998.9 | FK6: 65010.2 | FL6: 65021.8 | FM6: 65033.6 | FN6: 65045.7 | FO6: 65058 | FP6: 65070.6 | FQ6: 65083.4 | FR6: 65096.4 | FS6: 65109.7 | FT6: 65123.3 | FU6: 65137.1 | FV6: 65151.1 | FW6: 65165.4 | FX6: 65179.9 | FY6: 65194.7 | FZ6: 65209.7 | GA6: 65224.9 | GB6: 65240.4 | GC6: 65256.1 | GD6: 65272.1 | GE6: 65288.3 | GF6: 65304.7 | GG6: 65321.3 | GH6: 65338.2 | GI6: 65355.3 | GJ6: 65372.7 | GK6: 65390.3 | GL6: 65408.1 | GM6: 65426.1 | GN6: 65444.4 | GO6: 65462.9 | GP6: 65481.6 | GQ6: 65500.6 | GR6: 65519.7 | GS6: 65539.1 | GT6: 65558.7 | GU6: 65578.6 | GV6: 65598.6 | GW6: 65618.9 | GX6: 65639.4 | GY6: 65660.1 | GZ6: 65681.1 | HA6: 65702.2 | HB6: 65723.6 | HC6: 65745.2 | HD6: 65767 | HE6: 65789 | HF6: 65811.2 | HG6: 65833.6 | HH6: 65856.2 | HI6: 65879 | HJ6: 65902 | HK6: 65925.1 | HL6: 65948.5 | HM6: 65972 | HN6: 65995.8 | HO6: 66019.7 | HP6: 66043.8 | HQ6: 66068.1 | HR6: 66092.5 | HS6: 66117.1 | HT6: 66141.9 | HU6: 66166.9 | HV6: 66192 | HW6: 66217.3 | HX6: 66242.7 | HY6: 66268.3 | HZ6: 66294.1 | IA6: 66320 | IB6: 66346.1 | IC6: 66372.3 | ID6: 66398.7 | IE6: 66425.3 | IF6: 66451.9 | IG6: 66478.8 | IH6: 66505.7 | II6: 66532.9 | IJ6: 66560.1 | IK6: 66587.5 | IL6: 66615.1 | IM6: 66636 | IN6: 66663.8 | IO6: 66691.5 | IP6: 66719.3 | IQ6: 66747.1 | IR6: 66774.9 | IS6: 66802.7 | IT6: 66830.4 | IU6: 66858.2 | IV6: 66886 | IW6: 66913.8 | IX6: 66941.5 | IY6: 66969.3 | IZ6: 66997.1 | JA6: 67024.9 | JB6: 67052.7 | JC6: 67080.4 | JD6: 67108.2 | JE6: 67136 | JF6: 67163.8 | JG6: 67191.5 | JH6: 67219.3 | JI6: 67247.1 | JJ6: 67274.9 | JK6: 67302.7 | JL6: 67330.4 | JM6: 67358.2 | JN6: 67386 | JO6: 67413.8 | JP6: 67441.5 | JQ6: 67469.3 | JR6: 67497.1 | JS6: 67524.9 | JT6: 67552.7 | JU6: 67580.4 | JV6: 67608.2 | JW6: 67636 | JX6: 67663.8 | JY6: 67691.5 | JZ6: 67719.3 | KA6: 67747.1 | KB6: 67774.9 | KC6: 67802.7 | KD6: 67830.4 | KE6: 67858.2 | KF6: 67886 | KG6: 67913.8 | KH6: 67941.5 | KI6: 67969.3 | KJ6: 67997.1 | KK6: 68024.9 | KL6: 68052.7 | KM6: 68080.4 | KN6: 68108.2 | KO6: 68136 | KP6: 68163.8 | KQ6: 68191.5 | KR6: 68219.3 | KS6: 68247.1 | KT6: 68274.9 | KU6: 68302.7 | KV6: 68330.4 | KW6: 68358.2 | KX6: 68386 | KY6: 68413.8 | KZ6: 68441.5 | LA6: 68469.3 | LB6: 68497.1 | LC6: 68524.9 | LD6: 68552.7 | LE6: 68580.4 | LF6: 68608.2 | LG6: 68636 | LH6: 68663.8 | LI6: 68691.5 | LJ6: 68719.3 | LK6: 68747.1 | LL6: 68774.9 | LM6: 68802.7 | LN6: 68830.4 | LO6: 68858.2 | LP6: 68886 | LQ6: 68913.8 | LR6: 68941.5 | LS6: 68969.3 | LT6: 68997.1 | LU6: 69024.9 | LV6: 69052.7 | LW6: 69080.4 | LX6: 69108.2 | LY6: 69136 | LZ6: 69163.8 | MA6: 69191.5 | MB6: 69219.3 | MC6: 69247.1 | MD6: 69274.9 | ME6: 69302.7 | MF6: 69330.4 | MG6: 69358.2 | MH6: 69386 | MI6: 69413.8 | MJ6: 69441.5 | MK6: 69469.3 | ML6: 69497.1 | MM6: 69524.9 | MN6: 69552.7 | MO6: 69580.4 | MP6: 69608.2 | MQ6: 69636 | MR6: 69663.8 | MS6: 69691.5 | MT6: 69719.3 | MU6: 69747.1 | MV6: 69774.9 | MW6: 69802.7 | MX6: 69830.4 | MY6: 69858.2 | MZ6: 69886 | NA6: 69913.8 | NB6: 69941.5 | NC6: 69969.3 | ND6: 69997.1 | NE6: 70024.9 | NF6: 70052.7 | NG6: 70080.4 | NH6: 70108.2 | NI6: 70136 | NJ6: 70163.8 | NK6: 70191.5 | NL6: 70219.3 | NM6: 70247.1 | NN6: 70274.9 | NO6: 70302.7 | NP6: 70330.4 | NQ6: 70358.2 | NR6: 70386 | NS6: 70413.8 | NT6: 70441.5 | NU6: 70469.3 | NV6: 70497.1 | NW6: 70524.9 | NX6: 70552.7 | NY6: 70580.4 | NZ6: 70608.2 | OA6: 70636 | OB6: 70663.8 | OC6: 70691.5 | OD6: 70719.3 | OE6: 70747.1 | OF6: 70774.9 | OG6: 70802.7 | OH6: 70830.4 | OI6: 70858.2 | OJ6: 70886 | OK6: 70913.8 | OL6: 70941.5 | OM6: 70969.3 | ON6: 70997.1 | OO6: 71024.9 | OP6: 71052.7 | OQ6: 71080.4 | OR6: 71108.2 | OS6: 71136 | OT6: 71163.8 | OU6: 71191.5 | OV6: 71219.3 | OW6: 71247.1 | OX6: 71274.9 | OY6: 71302.7 | OZ6: 71330.4 | PA6: 71358.2 | PB6: 71386 | PC6: 71413.8 | PD6: 71441.5 | PE6: 71469.3 | PF6: 71497.1 | PG6: 71524.9 | PH6: 71552.7 | PI6: 71580.4 | PJ6: 71608.2 | PK6: 71636 | PL6: 71663.8 | PM6: 71691.5 | PN6: 71719.3 | PO6: 71747.1 | PP6: 71774.9 | PQ6: 71802.7 | PR6: 71830.4 | PS6: 71858.2 | PT6: 71886 | PU6: 71913.8 | PV6: 71941.5 | PW6: 71969.3 | PX6: 71997.1 | PY6: 72024.9 | PZ6: 72052.7 | QA6: 72080.4 | QB6: 72108.2 | QC6: 72136 | QD6: 72163.8 | QE6: 72191.5 | QF6: 72219.3 | QG6: 72247.1 | QH6: 72274.9 | QI6: 72302.7 | QJ6: 72330.4 | QK6: 72358.2 | QL6: 72386 | QM6: 72413.8 | QN6: 72441.5 | QO6: 72469.3 | QP6: 72497.1 | QQ6: 72524.9 | QR6: 72552.7 | QS6: 72580.4 | QT6: 72608.2 | QU6: 72636 | QV6: 72663.8 | QW6: 72691.5 | QX6: 72719.3 | QY6: 72747.1 | QZ6: 72774.9 | RA6: 72802.7 | RB6: 72830.4 | RC6: 72858.2 | RD6: 72886 | RE6: 72913.8 | RF6: 72941.5 | RG6: 72969.3 | RH6: 72997.1 | RI6: 73024.9 | RJ6: 73052.7 | RK6: 73080.4 | RL6: 73108.2 | RM6: 73136 | RN6: 73163.8 | RO6: 73191.5 | RP6: 73219.3 | RQ6: 73247.1 | RR6: 73274.9 | RS6: 73302.7 | RT6: 73330.4 | RU6: 73358.2 | RV6: 73386 | RW6: 73413.8 | RX6: 73441.5 | RY6: 73469.3 | RZ6: 73497.1 | SA6: 73524.9 | SB6: 73552.7 | SC6: 73580.4 | SD6: 73608.2 | SE6: 73636 | SF6: 73663.8 | SG6: 73691.5 | SH6: 73719.3 | SI6: 73747.1 | SJ6: 73774.9 | SK6: 73802.7 | SL6: 73830.4 | SM6: 73858.2 | SN6: 73886 | SO6: 73913.8 | SP6: 73941.5 | SQ6: 73969.3 | SR6: 73997.1 | SS6: 74024.9 | ST6: 74052.7 | SU6: 74080.4 | SV6: 74108.2 | SW6: 74136 | SX6: 74163.8 | SY6: 74191.5 | SZ6: 74219.3 | TA6: 74247.1 | TB6: 74274.9 | TC6: 74302.7 | TD6: 74330.4 | TE6: 74358.2 | TF6: 74386 | TG6: 74413.8 | TH6: 74441.5 | TI6: 74469.3 | TJ6: 74497.1 | TK6: 74524.9 | TL6: 74552.7 | TM6: 74580.4 | TN6: 74608.2 | TO6: 74636 | TP6: 74663.8 | TQ6: 74691.5 | TR6: 74719.3 | TS6: 74747.1 | TT6: 74774.9 | TU6: 74802.7 | TV6: 74830.4 | TW6: 74858.2 | TX6: 74886 | TY6: 74913.8 | TZ6: 74941.5 | UA6: 74969.3 | UB6: 74997.1 | UC6: 75024.9 | UD6: 75052.7 | UE6: 75080.4 | UF6: 75108.2 | UG6: 75136 | UH6: 75163.8 | UI6: 75191.5 | UJ6: 75219.3 | UK6: 75247.1 | UL6: 75274.9 | UM6: 75302.7 | UN6: 75330.4 | UO6: 75358.2 | UP6: 75386 | UQ6: 75413.8 | UR6: 75441.5 | US6: 75469.3 | UT6: 75497.1 | UU6: 75524.9 | UV6: 75552.7 | UW6: 75580.4 | UX6: 75608.2 | UY6: 75636 | UZ6: 75663.8 | VA6: 75691.5 | VB6: 75719.3 | VC6: 75747.1 | VD6: 75774.9 | VE6: 75802.7 | VF6: 75830.4 | VG6: 75858.2 | VH6: 75886 | VI6: 75913.8 | VJ6: 75941.5 | VK6: 75969.3 | VL6: 75997.1 | VM6: 76024.9 | VN6: 76052.7 | VO6: 76080.4 | VP6: 76108.2 | VQ6: 76136 | VR6: 76163.8 | VS6: 76191.5 | VT6: 76219.3 | VU6: 76247.1 | VV6: 76274.9 | VW6: 76302.7 | VX6: 76330.4 | VY6: 76358.2 | VZ6: 76386 | WA6: 76413.8 | WB6: 76441.5 | WC6: 76469.3 | WD6: 76497.1 | WE6: 76524.9 | WF6: 76552.7 | WG6: 76580.4 | WH6: 76608.2 | WI6: 76636 | WJ6: 76663.8 | WK6: 76691.5 | WL6: 76719.3 | WM6: 76747.1 | WN6: 76774.9 | WO6: 76802.7 | WP6: 76830.4 | WQ6: 76858.2 | WR6: 76886 | WS6: 76913.8 | WT6: 76941.5 | WU6: 76969.3 | WV6: 76997.1 | WW6: 77024.9 | WX6: 77052.7 | WY6: 77080.4 | WZ6: 77108.2 | XA6: 77136 | XB6: 77163.8 | XC6: 77191.5 | XD6: 77219.3 | XE6: 77247.1 | XF6: 77274.9 | XG6: 77302.7 | XH6: 77330.4 | XI6: 77358.2 | XJ6: 77386 | XK6: 77413.8 | XL6: 77441.5 | XM6: 77469.3 | XN6: 77497.1 | XO6: 77524.9 | XP6: 77552.7 | XQ6: 77580.4 | XR6: 77608.2 | XS6: 77636 | XT6: 77663.8 | XU6: 77691.5 | XV6: 77719.3 | XW6: 77747.1 | XX6: 77774.9 | XY6: 77802.7 | XZ6: 77830.4 | YA6: 77858.2 | YB6: 77886 | YC6: 77913.8 | YD6: 77941.5 | YE6: 77969.3 | YF6: 77997.1 | YG6: 78024.9 | YH6: 78052.7 | YI6: 78080.4 | YJ6: 78108.2 | YK6: 78136 | YL6: 78163.8 | YM6: 78191.5 | YN6: 78219.3 | YO6: 78247.1 | YP6: 78274.9 | YQ6: 78302.7 | YR6: 78330.4 | YS6: 78358.2 | YT6: 78386 | YU6: 78413.8 | YV6: 78441.5 | YW6: 78469.3 | YX6: 78497.1 | YY6: 78524.9 | YZ6: 78552.7 | ZA6: 78580.4 | ZB6: 78608.2 | ZC6: 78636 | ZD6: 78663.8 | ZE6: 78691.5 | ZF6: 78719.3 | ZG6: 78747.1 | ZH6: 78774.9 | ZI6: 78774.9 | ZJ6: 0 | ZK6: 0 | ZL6: 0 | ZM6: 0 | ZN6: 0 | ZO6: 0 | ZP6: 0 | ZQ6: 0 | ZR6: 0 | ZS6: 0 | ZT6: 0 | ZU6: 0 | ZV6: 0 | ZW6: 0 | ZX6: 0 | ZY6: 0 | ZZ6: 0 | AAA6: 0 | AAB6: 0 | AAC6: 0 | AAD6: 0 | AAE6: 0 | AAF6: 0 | AAG6: 0 | AAH6: 0 | AAI6: 0 | AAJ6: 0 | AAK6: 0 | AAL6: 0 | AAM6: 0 | AAN6: 0 | AAO6: 0 | AAP6: 0 | AAQ6: 0 | AAR6: 0 | AAS6: 0 | AAT6: 0 | AAU6: 0 | AAV6: 0 | AAW6: 0 | AAX6: 0 | AAY6: 0 | AAZ6: 0 | ABA6: 0 | ABB6: 0 | ABC6: 0 | ABD6: 0 | ABE6: 0 | ABF6: 0 | ABG6: 0 | ABH6: 0 | ABI6: 0 | ABJ6: 0 | ABK6: 0 | ABL6: 0 | ABM6: 0 | ABN6: 0 | ABO6: 0 | ABP6: 0 | ABQ6: 0 | ABR6: 0 | ABS6: 0 | ABT6: 0 | ABU6: 0 | ABV6: 0 | ABW6: 0 | ABX6: 0 | ABY6: 0 | ABZ6: 0 | ACA6: 0 | ACB6: 0 | ACC6: 0 | ACD6: 0 | ACE6: 0 | ACF6: 0 | ACG6: 0 | ACH6: 0 | ACI6: 0 | ACJ6: 0 | ACK6: 0 | ACL6: 0 | ACM6: 0 | ACN6: 0 | ACO6: 0 | ACP6: 0 | ACQ6: 0 | ACR6: 0 | ACS6: 0 | ACT6: 0 | ACU6: 0 | ACV6: 0 | ACW6: 0 | ACX6: 0 | ACY6: 0 | ACZ6: 0 | ADA6: 0 | ADB6: 0 | ADC6: 0 | ADD6: 0 | ADE6: 0 | ADF6: 0 | ADG6: 0 | ADH6: 0 | ADI6: 0 | ADJ6: 0 | ADK6: 0 | ADL6: 0 | ADM6: 0 | ADN6: 0 | ADO6: 0 | ADP6: 0 | ADQ6: 0 | ADR6: 0 | ADS6: 0 | ADT6: 0 | ADU6: 0 | ADV6: 0 | ADW6: 0 | ADX6: 0 | ADY6: 0 | ADZ6: 0 | AEA6: 0 | AEB6: 0 | AEC6: 0 | AED6: 0 | AEE6: 0 | AEF6: 0 | AEG6: 0 | AEH6: 0 | AEI6: 0 | AEJ6: 0 | AEK6: 0 | AEL6: 0 | AEM6: 0 | AEN6: 0 | AEO6: 0 | AEP6: 0 | AEQ6: 0 | AER6: 0 | AES6: 0 | AET6: 0 | AEU6: 0 | AEV6: 0 | AEW6: 0 | AEX6: 0 | AEY6: 0 | AEZ6: 0 | AFA6: 0 | AFB6: 0 | AFC6: 0 | AFD6: 0 | AFE6: 0 | AFF6: 0 | AFG6: 0 | AFH6: 0 | AFI6: 0 | AFJ6: 0 | AFK6: 0 | AFL6: 0 | AFM6: 0 | AFN6: 0 | AFO6: 0 | AFP6: 0 | AFQ6: 0 | AFR6: 0 | AFS6: 0 | AFT6: 0 | AFU6: 0 | AFV6: 0 | AFW6: 0 | AFX6: 0 | AFY6: 0 | AFZ6: 0 | AGA6: 0 | AGB6: 0 | AGC6: 0 | AGD6: 0 | AGE6: 0 | AGF6: 0 | AGG6: 0 | AGH6: 0 | AGI6: 0 | AGJ6: 0 | AGK6: 0 | AGL6: 0 | AGM6: 0 | AGN6: 0 | AGO6: 0 | AGP6: 0 | AGQ6: 0 | AGR6: 0 | AGS6: 0 | AGT6: 0 | AGU6: 0 | AGV6: 0 | AGW6: 0 | AGX6: 0 | AGY6: 0 | AGZ6: 0 | AHA6: 0 | AHB6: 0 | AHC6: 0 | AHD6: 0 | AHE6: 0 | AHF6: 0 | AHG6: 0 | AHH6: 0 | AHI6: 0 | AHJ6: 0 | AHK6: 0 | AHL6: 0 | AHM6: 0 | AHN6: 0 | AHO6: 0 | AHP6: 0 | AHQ6: 0 | AHR6: 0 | AHS6: 0 | AHT6: 0 | AHU6: 0 | AHV6: 0 | AHW6: 0 | AHX6: 0 | AHY6: 0 | AHZ6: 0 | AIA6: 0 | AIB6: 0 | AIC6: 0 | AID6: 0 | AIE6: 0 | AIF6: 0 | AIG6: 0 | AIH6: 0 | AII6: 0 | AIJ6: 0 | AIK6: 0 | AIL6: 0 | AIM6: 0 | AIN6: 0 | AIO6: 0 | AIP6: 0 | AIQ6: 0 | AIR6: 0 | AIS6: 0 | AIT6: 0 | AIU6: 0 | AIV6: 0 | AIW6: 0 | AIX6: 0 | AIY6: 0 | AIZ6: 0 | AJA6: 0 | AJB6: 0 | AJC6: 0 | AJD6: 0 | AJE6: 0 | AJF6: 0 | AJG6: 0 | AJH6: 0 | AJI6: 0 | AJJ6: 0 | AJK6: 0 | AJL6: 0 | AJM6: 0 | AJN6: 0 | AJO6: 0 | AJP6: 0 | AJQ6: 0 | AJR6: 0 | AJS6: 0 | AJT6: 0 | AJU6: 0 | AJV6: 0 | AJW6: 0 | AJX6: 0 | AJY6: 0 | AJZ6: 0 | AKA6: 0 | AKB6: 0 | AKC6: 0 | AKD6: 0 | AKE6: 0 | AKF6: 0 | AKG6: 0 | AKH6: 0 | AKI6: 0 | AKJ6: 0 | AKK6: 0 | AKL6: 0 | AKM6: 0 | AKN6: 0 | AKO6: 0 | AKP6: 0 | AKQ6: 0 | AKR6: 0 | AKS6: 0 | AKT6: 0 | AKU6: 0 | AKV6: 0 | AKW6: 0 | AKX6: 0 | AKY6: 0 | AKZ6: 0 | ALA6: 0 | ALB6: 0 | ALC6: 0 | ALD6: 0 | ALE6: 0 | ALF6: 0 | ALG6: 0 | ALH6: 0 | ALI6: 0 | ALJ6: 0 | ALK6: 0 | ALL6: 0 | ALM6: 0 | ALN6: 0 | ALO6: 0 | ALP6: 0
A7: 51159-1 | B7: 0 | C7: 0 | D7: A | E7: 64762 | F7: 64762 | G7: 64762 | H7: 64762 | I7: 64762 | J7: 64762 | K7: 64762 | L7: 64762 | M7: 64762 | N7: 64762 | O7: 64762 | P7: 64762 | Q7: 64762 | R7: 64762 | S7: 64762 | T7: 64762 | U7: 64762 | V7: 64762 | W7: 64762 | X7: 64762 | Y7: 64762 | Z7: 64762 | AA7: 64762 | AB7: 64762 | AC7: 64762 | AD7: 64762 | AE7: 64762 | AF7: 64762 | AG7: 64762 | AH7: 64762 | AI7: 64762 | AJ7: 64762 | AK7: 64762 | AL7: 64762 | AM7: 64762 | AN7: 64762 | AO7: 64762 | AP7: 64762 | AQ7: 64762 | AR7: 64762 | AS7: 64762 | AT7: 64762 | AU7: 64762 | AV7: 64762 | AW7: 64762 | AX7: 64762 | AY7: 64762 | AZ7: 64762 | BA7: 64762 | BB7: 64762 | BC7: 64762 | BD7: 64762 | BE7: 64762 | BF7: 64762 | BG7: 64762 | BH7: 64762 | BI7: 64762 | BJ7: 64762 | BK7: 64762 | BL7: 64762 | BM7: 64762 | BN7: 64762 | BO7: 64762 | BP7: 64762 | BQ7: 64762 | BR7: 64762 | BS7: 64762 | BT7: 64762 | BU7: 64762 | BV7: 64762 | BW7: 64762 | BX7: 64762 | BY7: 64762 | BZ7: 64762 | CA7: 64762 | CB7: 64762 | CC7: 64762 | CD7: 64762 | CE7: 64762 | CF7: 64762 | CG7: 64762 | CH7: 64762 | CI7: 64762 | CJ7: 64762 | CK7: 64762 | CL7: 64762 | CM7: 64762 | CN7: 64762 | CO7: 64762 | CP7: 64762 | CQ7: 64762 | CR7: 64762 | CS7: 64762 | CT7: 64762 | CU7: 64762 | CV7: 64762 | CW7: 64762 | CX7: 64762 | CY7: 64762 | CZ7: 64762 | DA7: 64762 | DB7: 64762 | DC7: 64762 | DD7: 64762 | DE7: 64762 | DF7: 64762 | DG7: 64762 | DH7: 64762 | DI7: 64762 | DJ7: 64762 | DK7: 64762 | DL7: 64762 | DM7: 64762 | DN7: 64762 | DO7: 64762 | DP7: 64762 | DQ7: 64762 | DR7: 64762 | DS7: 64762 | DT7: 64762 | DU7: 64762 | DV7: 64762.3 | DW7: 64762.9 | DX7: 64763.7 | DY7: 64764.8 | DZ7: 64766.3 | EA7: 64768 | EB7: 64770 | EC7: 64772.2 | ED7: 64774.8 | EE7: 64777.6 | EF7: 64780.7 | EG7: 64784.1 | EH7: 64787.7 | EI7: 64791.6 | EJ7: 64795.9 | EK7: 64800.3 | EL7: 64805.1 | EM7: 64810.1 | EN7: 64815.4 | EO7: 64821 | EP7: 64826.8 | EQ7: 64832.9 | ER7: 64839.3 | ES7: 64845.9 | ET7: 64852.8 | EU7: 64860 | EV7: 64867.4 | EW7: 64875.1 | EX7: 64883.1 | EY7: 64891.3 | EZ7: 64899.8 | FA7: 64908.6 | FB7: 64917.6 | FC7: 64926.9 | FD7: 64936.4 | FE7: 64946.2 | FF7: 64956.2 | FG7: 64966.5 | FH7: 64977.1 | FI7: 64987.9 | FJ7: 64998.9 | FK7: 65010.2 | FL7: 65021.8 | FM7: 65033.6 | FN7: 65045.7 | FO7: 65058 | FP7: 65070.6 | FQ7: 65083.4 | FR7: 65096.4 | FS7: 65109.7 | FT7: 65123.3 | FU7: 65137.1 | FV7: 65151.1 | FW7: 65165.4 | FX7: 65179.9 | FY7: 65194.7 | FZ7: 65209.7 | GA7: 65224.9 | GB7: 65240.4 | GC7: 65256.1 | GD7: 65272.1 | GE7: 65288.3 | GF7: 65304.7 | GG7: 65321.3 | GH7: 65338.2 | GI7: 65355.3 | GJ7: 65372.7 | GK7: 65390.3 | GL7: 65408.1 | GM7: 65426.1 | GN7: 65444.4 | GO7: 65462.9 | GP7: 65481.6 | GQ7: 65500.6 | GR7: 65519.7 | GS7: 65539.1 | GT7: 65558.7 | GU7: 65578.6 | GV7: 65598.6 | GW7: 65618.9 | GX7: 65639.4 | GY7: 65660.1 | GZ7: 65681.1 | HA7: 65702.2 | HB7: 65723.6 | HC7: 65745.2 | HD7: 65767 | HE7: 65789 | HF7: 65811.2 | HG7: 65833.6 | HH7: 65856.2 | HI7: 65879 | HJ7: 65902 | HK7: 65925.1 | HL7: 65948.5 | HM7: 65972 | HN7: 65995.8 | HO7: 66019.7 | HP7: 66043.8 | HQ7: 66068.1 | HR7: 66092.5 | HS7: 66117.1 | HT7: 66141.9 | HU7: 66166.9 | HV7: 66192 | HW7: 66217.3 | HX7: 66242.7 | HY7: 66268.3 | HZ7: 66294.1 | IA7: 66320 | IB7: 66346.1 | IC7: 66372.3 | ID7: 66398.7 | IE7: 66425.3 | IF7: 66451.9 | IG7: 66478.8 | IH7: 66505.7 | II7: 66532.9 | IJ7: 66560.1 | IK7: 66587.5 | IL7: 66615.1 | IM7: 66636 | IN7: 66663.8 | IO7: 66691.5 | IP7: 66719.3 | IQ7: 66747.1 | IR7: 66774.9 | IS7: 66802.7 | IT7: 66830.4 | IU7: 66858.2 | IV7: 66886 | IW7: 66913.8 | IX7: 66941.5 | IY7: 66969.3 | IZ7: 66997.1 | JA7: 67024.9 | JB7: 67052.7 | JC7: 67080.4 | JD7: 67108.2 | JE7: 67136 | JF7: 67163.8 | JG7: 67191.5 | JH7: 67219.3 | JI7: 67247.1 | JJ7: 67274.9 | JK7: 67302.7 | JL7: 67330.4 | JM7: 67358.2 | JN7: 67386 | JO7: 67413.8 | JP7: 67441.5 | JQ7: 67469.3 | JR7: 67497.1 | JS7: 67524.9 | JT7: 67552.7 | JU7: 67580.4 | JV7: 67608.2 | JW7: 67636 | JX7: 67663.8 | JY7: 67691.5 | JZ7: 67719.3 | KA7: 67747.1 | KB7: 67774.9 | KC7: 67802.7 | KD7: 67830.4 | KE7: 67858.2 | KF7: 67886 | KG7: 67913.8 | KH7: 67941.5 | KI7: 67969.3 | KJ7: 67997.1 | KK7: 68024.9 | KL7: 68052.7 | KM7: 68080.4 | KN7: 68108.2 | KO7: 68136 | KP7: 68163.8 | KQ7: 68191.5 | KR7: 68219.3 | KS7: 68247.1 | KT7: 68274.9 | KU7: 68302.7 | KV7: 68330.4 | KW7: 68358.2 | KX7: 68386 | KY7: 68413.8 | KZ7: 68441.5 | LA7: 68469.3 | LB7: 68497.1 | LC7: 68524.9 | LD7: 68552.7 | LE7: 68580.4 | LF7: 68608.2 | LG7: 68636 | LH7: 68663.8 | LI7: 68691.5 | LJ7: 68719.3 | LK7: 68747.1 | LL7: 68774.9 | LM7: 68802.7 | LN7: 68830.4 | LO7: 68858.2 | LP7: 68886 | LQ7: 68913.8 | LR7: 68941.5 | LS7: 68969.3 | LT7: 68997.1 | LU7: 69024.9 | LV7: 69052.7 | LW7: 69080.4 | LX7: 69108.2 | LY7: 69136 | LZ7: 69163.8 | MA7: 69191.5 | MB7: 69219.3 | MC7: 69247.1 | MD7: 69274.9 | ME7: 69302.7 | MF7: 69330.4 | MG7: 69358.2 | MH7: 69386 | MI7: 69413.8 | MJ7: 69441.5 | MK7: 69469.3 | ML7: 69497.1 | MM7: 69524.9 | MN7: 69552.7 | MO7: 69580.4 | MP7: 69608.2 | MQ7: 69636 | MR7: 69663.8 | MS7: 69691.5 | MT7: 69719.3 | MU7: 69747.1 | MV7: 69774.9 | MW7: 69802.7 | MX7: 69830.4 | MY7: 69858.2 | MZ7: 69886 | NA7: 69913.8 | NB7: 69941.5 | NC7: 69969.3 | ND7: 69997.1 | NE7: 70024.9 | NF7: 70052.7 | NG7: 70080.4 | NH7: 70108.2 | NI7: 70136 | NJ7: 70163.8 | NK7: 70191.5 | NL7: 70219.3 | NM7: 70247.1 | NN7: 70274.9 | NO7: 70302.7 | NP7: 70330.4 | NQ7: 70358.2 | NR7: 70386 | NS7: 70413.8 | NT7: 70441.5 | NU7: 70469.3 | NV7: 70497.1 | NW7: 70524.9 | NX7: 70552.7 | NY7: 70580.4 | NZ7: 70608.2 | OA7: 70636 | OB7: 70663.8 | OC7: 70691.5 | OD7: 70719.3 | OE7: 70747.1 | OF7: 70774.9 | OG7: 70802.7 | OH7: 70830.4 | OI7: 70858.2 | OJ7: 70886 | OK7: 70913.8 | OL7: 70941.5 | OM7: 70969.3 | ON7: 70997.1 | OO7: 71024.9 | OP7: 71052.7 | OQ7: 71080.4 | OR7: 71108.2 | OS7: 71136 | OT7: 71163.8 | OU7: 71191.5 | OV7: 71219.3 | OW7: 71247.1 | OX7: 71274.9 | OY7: 71302.7 | OZ7: 71330.4 | PA7: 71358.2 | PB7: 71386 | PC7: 71413.8 | PD7: 71441.5 | PE7: 71469.3 | PF7: 71497.1 | PG7: 71524.9 | PH7: 71552.7 | PI7: 71580.4 | PJ7: 71608.2 | PK7: 71636 | PL7: 71663.8 | PM7: 71691.5 | PN7: 71719.3 | PO7: 71747.1 | PP7: 71774.9 | PQ7: 71802.7 | PR7: 71830.4 | PS7: 71858.2 | PT7: 71886 | PU7: 71913.8 | PV7: 71941.5 | PW7: 71969.3 | PX7: 71997.1 | PY7: 72024.9 | PZ7: 72052.7 | QA7: 72080.4 | QB7: 72108.2 | QC7: 72136 | QD7: 72163.8 | QE7: 72191.5 | QF7: 72219.3 | QG7: 72247.1 | QH7: 72274.9 | QI7: 72302.7 | QJ7: 72330.4 | QK7: 72358.2 | QL7: 72386 | QM7: 72413.8 | QN7: 72441.5 | QO7: 72469.3 | QP7: 72497.1 | QQ7: 72524.9 | QR7: 72552.7 | QS7: 72580.4 | QT7: 72608.2 | QU7: 72636 | QV7: 72663.8 | QW7: 72691.5 | QX7: 72719.3 | QY7: 72747.1 | QZ7: 72774.9 | RA7: 72802.7 | RB7: 72830.4 | RC7: 72858.2 | RD7: 72886 | RE7: 72913.8 | RF7: 72941.5 | RG7: 72969.3 | RH7: 72997.1 | RI7: 73024.9 | RJ7: 73052.7 | RK7: 73080.4 | RL7: 73108.2 | RM7: 73136 | RN7: 73163.8 | RO7: 73191.5 | RP7: 73219.3 | RQ7: 73247.1 | RR7: 73274.9 | RS7: 73302.7 | RT7: 73330.4 | RU7: 73358.2 | RV7: 73386 | RW7: 73413.8 | RX7: 73441.5 | RY7: 73469.3 | RZ7: 73497.1 | SA7: 73524.9 | SB7: 73552.7 | SC7: 73580.4 | SD7: 73608.2 | SE7: 73636 | SF7: 73663.8 | SG7: 73691.5 | SH7: 73719.3 | SI7: 73747.1 | SJ7: 73774.9 | SK7: 73802.7 | SL7: 73830.4 | SM7: 73858.2 | SN7: 73886 | SO7: 73913.8 | SP7: 73941.5 | SQ7: 73969.3 | SR7: 73997.1 | SS7: 74024.9 | ST7: 74052.7 | SU7: 74080.4 | SV7: 74108.2 | SW7: 74136 | SX7: 74163.8 | SY7: 74191.5 | SZ7: 74219.3 | TA7: 74247.1 | TB7: 74274.9 | TC7: 74302.7 | TD7: 74330.4 | TE7: 74358.2 | TF7: 74386 | TG7: 74413.8 | TH7: 74441.5 | TI7: 74469.3 | TJ7: 74497.1 | TK7: 74524.9 | TL7: 74552.7 | TM7: 74580.4 | TN7: 74608.2 | TO7: 74636 | TP7: 74663.8 | TQ7: 74691.5 | TR7: 74719.3 | TS7: 74747.1 | TT7: 74774.9 | TU7: 74802.7 | TV7: 74830.4 | TW7: 74858.2 | TX7: 74886 | TY7: 74913.8 | TZ7: 74941.5 | UA7: 74969.3 | UB7: 74997.1 | UC7: 75024.9 | UD7: 75052.7 | UE7: 75080.4 | UF7: 75108.2 | UG7: 75136 | UH7: 75163.8 | UI7: 75191.5 | UJ7: 75219.3 | UK7: 75247.1 | UL7: 75274.9 | UM7: 75302.7 | UN7: 75330.4 | UO7: 75358.2 | UP7: 75386 | UQ7: 75413.8 | UR7: 75441.5 | US7: 75469.3 | UT7: 75497.1 | UU7: 75524.9 | UV7: 75552.7 | UW7: 75580.4 | UX7: 75608.2 | UY7: 75636 | UZ7: 75663.8 | VA7: 75691.5 | VB7: 75719.3 | VC7: 75747.1 | VD7: 75774.9 | VE7: 75802.7 | VF7: 75830.4 | VG7: 75858.2 | VH7: 75886 | VI7: 75913.8 | VJ7: 75941.5 | VK7: 75969.3 | VL7: 75997.1 | VM7: 76024.9 | VN7: 76052.7 | VO7: 76080.4 | VP7: 76108.2 | VQ7: 76136 | VR7: 76163.8 | VS7: 76191.5 | VT7: 76219.3 | VU7: 76247.1 | VV7: 76274.9 | VW7: 76302.7 | VX7: 76330.4 | VY7: 76358.2 | VZ7: 76386 | WA7: 76413.8 | WB7: 76441.5 | WC7: 76469.3 | WD7: 76497.1 | WE7: 76524.9 | WF7: 76552.7 | WG7: 76580.4 | WH7: 76608.2 | WI7: 76636 | WJ7: 76663.8 | WK7: 76691.5 | WL7: 76719.3 | WM7: 76747.1 | WN7: 76774.9 | WO7: 76802.7 | WP7: 76830.4 | WQ7: 76858.2 | WR7: 76886 | WS7: 76913.8 | WT7: 76941.5 | WU7: 76969.3 | WV7: 76997.1 | WW7: 77024.9 | WX7: 77052.7 | WY7: 77080.4 | WZ7: 77108.2 | XA7: 77136 | XB7: 77163.8 | XC7: 77191.5 | XD7: 77219.3 | XE7: 77247.1 | XF7: 77274.9 | XG7: 77302.7 | XH7: 77330.4 | XI7: 77358.2 | XJ7: 77386 | XK7: 77413.8 | XL7: 77441.5 | XM7: 77469.3 | XN7: 77497.1 | XO7: 77524.9 | XP7: 77552.7 | XQ7: 77580.4 | XR7: 77608.2 | XS7: 77636 | XT7: 77663.8 | XU7: 77691.5 | XV7: 77719.3 | XW7: 77747.1 | XX7: 77774.9 | XY7: 77802.7 | XZ7: 77830.4 | YA7: 77858.2 | YB7: 77886 | YC7: 77913.8 | YD7: 77941.5 | YE7: 77969.3 | YF7: 77997.1 | YG7: 78024.9 | YH7: 78052.7 | YI7: 78080.4 | YJ7: 78108.2 | YK7: 78136 | YL7: 78163.8 | YM7: 78191.5 | YN7: 78219.3 | YO7: 78247.1 | YP7: 78274.9 | YQ7: 78302.7 | YR7: 78330.4 | YS7: 78358.2 | YT7: 78386 | YU7: 78413.8 | YV7: 78441.5 | YW7: 78469.3 | YX7: 78497.1 | YY7: 78524.9 | YZ7: 78552.7 | ZA7: 78580.4 | ZB7: 78608.2 | ZC7: 78636 | ZD7: 78663.8 | ZE7: 78691.5 | ZF7: 78719.3 | ZG7: 78747.1 | ZH7: 78774.9 | ZI7: 78774.9 | ZJ7: 0 | ZK7: 0 | ZL7: 0 | ZM7: 0 | ZN7: 0 | ZO7: 0 | ZP7: 0 | ZQ7: 0 | ZR7: 0 | ZS7: 0 | ZT7: 0 | ZU7: 0 | ZV7: 0 | ZW7: 0 | ZX7: 0 | ZY7: 0 | ZZ7: 0 | AAA7: 0 | AAB7: 0 | AAC7: 0 | AAD7: 0 | AAE7: 0 | AAF7: 0 | AAG7: 0 | AAH7: 0 | AAI7: 0 | AAJ7: 0 | AAK7: 0 | AAL7: 0 | AAM7: 0 | AAN7: 0 | AAO7: 0 | AAP7: 0 | AAQ7: 0 | AAR7: 0 | AAS7: 0 | AAT7: 0 | AAU7: 0 | AAV7: 0 | AAW7: 0 | AAX7: 0 | AAY7: 0 | AAZ7: 0 | ABA7: 0 | ABB7: 0 | ABC7: 0 | ABD7: 0 | ABE7: 0 | ABF7: 0 | ABG7: 0 | ABH7: 0 | ABI7: 0 | ABJ7: 0 | ABK7: 0 | ABL7: 0 | ABM7: 0 | ABN7: 0 | ABO7: 0 | ABP7: 0 | ABQ7: 0 | ABR7: 0 | ABS7: 0 | ABT7: 0 | ABU7: 0 | ABV7: 0 | ABW7: 0 | ABX7: 0 | ABY7: 0 | ABZ7: 0 | ACA7: 0 | ACB7: 0 | ACC7: 0 | ACD7: 0 | ACE7: 0 | ACF7: 0 | ACG7: 0 | ACH7: 0 | ACI7: 0 | ACJ7: 0 | ACK7: 0 | ACL7: 0 | ACM7: 0 | ACN7: 0 | ACO7: 0 | ACP7: 0 | ACQ7: 0 | ACR7: 0 | ACS7: 0 | ACT7: 0 | ACU7: 0 | ACV7: 0 | ACW7: 0 | ACX7: 0 | ACY7: 0 | ACZ7: 0 | ADA7: 0 | ADB7: 0 | ADC7: 0 | ADD7: 0 | ADE7: 0 | ADF7: 0 | ADG7: 0 | ADH7: 0 | ADI7: 0 | ADJ7: 0 | ADK7: 0 | ADL7: 0 | ADM7: 0 | ADN7: 0 | ADO7: 0 | ADP7: 0 | ADQ7: 0 | ADR7: 0 | ADS7: 0 | ADT7: 0 | ADU7: 0 | ADV7: 0 | ADW7: 0 | ADX7: 0 | ADY7: 0 | ADZ7: 0 | AEA7: 0 | AEB7: 0 | AEC7: 0 | AED7: 0 | AEE7: 0 | AEF7: 0 | AEG7: 0 | AEH7: 0 | AEI7: 0 | AEJ7: 0 | AEK7: 0 | AEL7: 0 | AEM7: 0 | AEN7: 0 | AEO7: 0 | AEP7: 0 | AEQ7: 0 | AER7: 0 | AES7: 0 | AET7: 0 | AEU7: 0 | AEV7: 0 | AEW7: 0 | AEX7: 0 | AEY7: 0 | AEZ7: 0 | AFA7: 0 | AFB7: 0 | AFC7: 0 | AFD7: 0 | AFE7: 0 | AFF7: 0 | AFG7: 0 | AFH7: 0 | AFI7: 0 | AFJ7: 0 | AFK7: 0 | AFL7: 0 | AFM7: 0 | AFN7: 0 | AFO7: 0 | AFP7: 0 | AFQ7: 0 | AFR7: 0 | AFS7: 0 | AFT7: 0 | AFU7: 0 | AFV7: 0 | AFW7: 0 | AFX7: 0 | AFY7: 0 | AFZ7: 0 | AGA7: 0 | AGB7: 0 | AGC7: 0 | AGD7: 0 | AGE7: 0 | AGF7: 0 | AGG7: 0 | AGH7: 0 | AGI7: 0 | AGJ7: 0 | AGK7: 0 | AGL7: 0 | AGM7: 0 | AGN7: 0 | AGO7: 0 | AGP7: 0 | AGQ7: 0 | AGR7: 0 | AGS7: 0 | AGT7: 0 | AGU7: 0 | AGV7: 0 | AGW7: 0 | AGX7: 0 | AGY7: 0 | AGZ7: 0 | AHA7: 0 | AHB7: 0 | AHC7: 0 | AHD7: 0 | AHE7: 0 | AHF7: 0 | AHG7: 0 | AHH7: 0 | AHI7: 0 | AHJ7: 0 | AHK7: 0 | AHL7: 0 | AHM7: 0 | AHN7: 0 | AHO7: 0 | AHP7: 0 | AHQ7: 0 | AHR7: 0 | AHS7: 0 | AHT7: 0 | AHU7: 0 | AHV7: 0 | AHW7: 0 | AHX7: 0 | AHY7: 0 | AHZ7: 0 | AIA7: 0 | AIB7: 0 | AIC7: 0 | AID7: 0 | AIE7: 0 | AIF7: 0 | AIG7: 0 | AIH7: 0 | AII7: 0 | AIJ7: 0 | AIK7: 0 | AIL7: 0 | AIM7: 0 | AIN7: 0 | AIO7: 0 | AIP7: 0 | AIQ7: 0 | AIR7: 0 | AIS7: 0 | AIT7: 0 | AIU7: 0 | AIV7: 0 | AIW7: 0 | AIX7: 0 | AIY7: 0 | AIZ7: 0 | AJA7: 0 | AJB7: 0 | AJC7: 0 | AJD7: 0 | AJE7: 0 | AJF7: 0 | AJG7: 0 | AJH7: 0 | AJI7: 0 | AJJ7: 0 | AJK7: 0 | AJL7: 0 | AJM7: 0 | AJN7: 0 | AJO7: 0 | AJP7: 0 | AJQ7: 0 | AJR7: 0 | AJS7: 0 | AJT7: 0 | AJU7: 0 | AJV7: 0 | AJW7: 0 | AJX7: 0 | AJY7: 0 | AJZ7: 0 | AKA7: 0 | AKB7: 0 | AKC7: 0 | AKD7: 0 | AKE7: 0 | AKF7: 0 | AKG7: 0 | AKH7: 0 | AKI7: 0 | AKJ7: 0 | AKK7: 0 | AKL7: 0 | AKM7: 0 | AKN7: 0 | AKO7: 0 | AKP7: 0 | AKQ7: 0 | AKR7: 0 | AKS7: 0 | AKT7: 0 | AKU7: 0 | AKV7: 0 | AKW7: 0 | AKX7: 0 | AKY7: 0 | AKZ7: 0 | ALA7: 0 | ALB7: 0 | ALC7: 0 | ALD7: 0 | ALE7: 0 | ALF7: 0 | ALG7: 0 | ALH7: 0 | ALI7: 0 | ALJ7: 0 | ALK7: 0 | ALL7: 0 | ALM7: 0 | ALN7: 0 | ALO7: 0 | ALP7: 0
A8: 51159-1 | B8: 0 | C8: 0 | D8: A | E8: 64762 | F8: 64762 | G8: 64762 | H8: 64762 | I8: 64762 | J8: 64762 | K8: 64762 | L8: 64762 | M8: 64762 | N8: 64762 | O8: 64762 | P8: 64762 | Q8: 64762 | R8: 64762 | S8: 64762 | T8: 64762 | U8: 64762 | V8: 64762 | W8: 64762 | X8: 64762 | Y8: 64762 | Z8: 64762 | AA8: 64762 | AB8: 64762 | AC8: 64762 | AD8: 64762 | AE8: 64762 | AF8: 64762 | AG8: 64762 | AH8: 64762 | AI8: 64762 | AJ8: 64762 | AK8: 64762 | AL8: 64762 | AM8: 64762 | AN8: 64762 | AO8: 64762 | AP8: 64762 | AQ8: 64762 | AR8: 64762 | AS8: 64762 | AT8: 64762 | AU8: 64762 | AV8: 64762 | AW8: 64762 | AX8: 64762 | AY8: 64762 | AZ8: 64762 | BA8: 64762 | BB8: 64762 | BC8: 64762 | BD8: 64762 | BE8: 64762 | BF8: 64762 | BG8: 64762 | BH8: 64762 | BI8: 64762 | BJ8: 64762 | BK8: 64762 | BL8: 64762 | BM8: 64762 | BN8: 64762 | BO8: 64762 | BP8: 64762 | BQ8: 64762 | BR8: 64762 | BS8: 64762 | BT8: 64762 | BU8: 64762 | BV8: 64762 | BW8: 64762 | BX8: 64762 | BY8: 64762 | BZ8: 64762 | CA8: 64762 | CB8: 64762 | CC8: 64762 | CD8: 64762 | CE8: 64762 | CF8: 64762 | CG8: 64762 | CH8: 64762 | CI8: 64762 | CJ8: 64762 | CK8: 64762 | CL8: 64762 | CM8: 64762 | CN8: 64762 | CO8: 64762 | CP8: 64762 | CQ8: 64762 | CR8: 64762 | CS8: 64762 | CT8: 64762 | CU8: 64762 | CV8: 64762 | CW8: 64762 | CX8: 64762 | CY8: 64762 | CZ8: 64762 | DA8: 64762 | DB8: 64762 | DC8: 64762 | DD8: 64762 | DE8: 64762 | DF8: 64762 | DG8: 64762 | DH8: 64762 | DI8: 64762 | DJ8: 64762 | DK8: 64762 | DL8: 64762 | DM8: 64762 | DN8: 64762 | DO8: 64762 | DP8: 64762 | DQ8: 64762 | DR8: 64762 | DS8: 64762 | DT8: 64762 | DU8: 64762 | DV8: 64762.3 | DW8: 64762.9 | DX8: 64763.7 | DY8: 64764.8 | DZ8: 64766.3 | EA8: 64768 | EB8: 64770 | EC8: 64772.2 | ED8: 64774.8 | EE8: 64777.6 | EF8: 64780.7 | EG8: 64784.1 | EH8: 64787.7 | EI8: 64791.6 | EJ8: 64795.9 | EK8: 64800.3 | EL8: 64805.1 | EM8: 64810.1 | EN8: 64815.4 | EO8: 64821 | EP8: 64826.8 | EQ8: 64832.9 | ER8: 64839.3 | ES8: 64845.9 | ET8: 64852.8 | EU8: 64860 | EV8: 64867.4 | EW8: 64875.1 | EX8: 64883.1 | EY8: 64891.3 | EZ8: 64899.8 | FA8: 64908.6 | FB8: 64917.6 | FC8: 64926.9 | FD8: 64936.4 | FE8: 64946.2 | FF8: 64956.2 | FG8: 64966.5 | FH8: 64977.1 | FI8: 64987.9 | FJ8: 64998.9 | FK8: 65010.2 | FL8: 65021.8 | FM8: 65033.6 | FN8: 65045.7 | FO8: 65058 | FP8: 65070.6 | FQ8: 65083.4 | FR8: 65096.4 | FS8: 65109.7 | FT8: 65123.3 | FU8: 65137.1 | FV8: 65151.1 | FW8: 65165.4 | FX8: 65179.9 | FY8: 65194.7 | FZ8: 65209.7 | GA8: 65224.9 | GB8: 65240.4 | GC8: 65256.1 | GD8: 65272.1 | GE8: 65288.3 | GF8: 65304.7 | GG8: 65321.3 | GH8: 65338.2 | GI8: 65355.3 | GJ8: 65372.7 | GK8: 65390.3 | GL8: 65408.1 | GM8: 65426.1 | GN8: 65444.4 | GO8: 65462.9 | GP8: 65481.6 | GQ8: 65500.6 | GR8: 65519.7 | GS8: 65539.1 | GT8: 65558.7 | GU8: 65578.6 | GV8: 65598.6 | GW8: 65618.9 | GX8: 65639.4 | GY8: 65660.1 | GZ8: 65681.1 | HA8: 65702.2 | HB8: 65723.6 | HC8: 65745.2 | HD8: 65767 | HE8: 65789 | HF8: 65811.2 | HG8: 65833.6 | HH8: 65856.2 | HI8: 65879 | HJ8: 65902 | HK8: 65925.1 | HL8: 65948.5 | HM8: 65972 | HN8: 65995.8 | HO8: 66019.7 | HP8: 66043.8 | HQ8: 66068.1 | HR8: 66092.5 | HS8: 66117.1 | HT8: 66141.9 | HU8: 66166.9 | HV8: 66192 | HW8: 66217.3 | HX8: 66242.7 | HY8: 66268.3 | HZ8: 66294.1 | IA8: 66320 | IB8: 66346.1 | IC8: 66372.3 | ID8: 66398.7 | IE8: 66425.3 | IF8: 66451.9 | IG8: 66478.8 | IH8: 66505.7 | II8: 66532.9 | IJ8: 66560.1 | IK8: 66587.5 | IL8: 66615.1 | IM8: 66636 | IN8: 66663.8 | IO8: 66691.5 | IP8: 66719.3 | IQ8: 66747.1 | IR8: 66774.9 | IS8: 66802.7 | IT8: 66830.4 | IU8: 66858.2 | IV8: 66886 | IW8: 66913.8 | IX8: 66941.5 | IY8: 66969.3 | IZ8: 66997.1 | JA8: 67024.9 | JB8: 67052.7 | JC8: 67080.4 | JD8: 67108.2 | JE8: 67136 | JF8: 67163.8 | JG8: 67191.5 | JH8: 67219.3 | JI8: 67247.1 | JJ8: 67274.9 | JK8: 67302.7 | JL8: 67330.4 | JM8: 67358.2 | JN8: 67386 | JO8: 67413.8 | JP8: 67441.5 | JQ8: 67469.3 | JR8: 67497.1 | JS8: 67524.9 | JT8: 67552.7 | JU8: 67580.4 | JV8: 67608.2 | JW8: 67636 | JX8: 67663.8 | JY8: 67691.5 | JZ8: 67719.3 | KA8: 67747.1 | KB8: 67774.9 | KC8: 67802.7 | KD8: 67830.4 | KE8: 67858.2 | KF8: 67886 | KG8: 67913.8 | KH8: 67941.5 | KI8: 67969.3 | KJ8: 67997.1 | KK8: 68024.9 | KL8: 68052.7 | KM8: 68080.4 | KN8: 68108.2 | KO8: 68136 | KP8: 68163.8 | KQ8: 68191.5 | KR8: 68219.3 | KS8: 68247.1 | KT8: 68274.9 | KU8: 68302.7 | KV8: 68330.4 | KW8: 68358.2 | KX8: 68386 | KY8: 68413.8 | KZ8: 68441.5 | LA8: 68469.3 | LB8: 68497.1 | LC8: 68524.9 | LD8: 68552.7 | LE8: 68580.4 | LF8: 68608.2 | LG8: 68636 | LH8: 68663.8 | LI8: 68691.5 | LJ8: 68719.3 | LK8: 68747.1 | LL8: 68774.9 | LM8: 68802.7 | LN8: 68830.4 | LO8: 68858.2 | LP8: 68886 | LQ8: 68913.8 | LR8: 68941.5 | LS8: 68969.3 | LT8: 68997.1 | LU8: 69024.9 | LV8: 69052.7 | LW8: 69080.4 | LX8: 69108.2 | LY8: 69136 | LZ8: 69163.8 | MA8: 69191.5 | MB8: 69219.3 | MC8: 69247.1 | MD8: 69274.9 | ME8: 69302.7 | MF8: 69330.4 | MG8: 69358.2 | MH8: 69386 | MI8: 69413.8 | MJ8: 69441.5 | MK8: 69469.3 | ML8: 69497.1 | MM8: 69524.9 | MN8: 69552.7 | MO8: 69580.4 | MP8: 69608.2 | MQ8: 69636 | MR8: 69663.8 | MS8: 69691.5 | MT8: 69719.3 | MU8: 69747.1 | MV8: 69774.9 | MW8: 69802.7 | MX8: 69830.4 | MY8: 69858.2 | MZ8: 69886 | NA8: 69913.8 | NB8: 69941.5 | NC8: 69969.3 | ND8: 69997.1 | NE8: 70024.9 | NF8: 70052.7 | NG8: 70080.4 | NH8: 70108.2 | NI8: 70136 | NJ8: 70163.8 | NK8: 70191.5 | NL8: 70219.3 | NM8: 70247.1 | NN8: 70274.9 | NO8: 70302.7 | NP8: 70330.4 | NQ8: 70358.2 | NR8: 70386 | NS8: 70413.8 | NT8: 70441.5 | NU8: 70469.3 | NV8: 70497.1 | NW8: 70524.9 | NX8: 70552.7 | NY8: 70580.4 | NZ8: 70608.2 | OA8: 70636 | OB8: 70663.8 | OC8: 70691.5 | OD8: 70719.3 | OE8: 70747.1 | OF8: 70774.9 | OG8: 70802.7 | OH8: 70830.4 | OI8: 70858.2 | OJ8: 70886 | OK8: 70913.8 | OL8: 70941.5 | OM8: 70969.3 | ON8: 70997.1 | OO8: 71024.9 | OP8: 71052.7 | OQ8: 71080.4 | OR8: 71108.2 | OS8: 71136 | OT8: 71163.8 | OU8: 71191.5 | OV8: 71219.3 | OW8: 71247.1 | OX8: 71274.9 | OY8: 71302.7 | OZ8: 71330.4 | PA8: 71358.2 | PB8: 71386 | PC8: 71413.8 | PD8: 71441.5 | PE8: 71469.3 | PF8: 71497.1 | PG8: 71524.9 | PH8: 71552.7 | PI8: 71580.4 | PJ8: 71608.2 | PK8: 71636 | PL8: 71663.8 | PM8: 71691.5 | PN8: 71719.3 | PO8: 71747.1 | PP8: 71774.9 | PQ8: 71802.7 | PR8: 71830.4 | PS8: 71858.2 | PT8: 71886 | PU8: 71913.8 | PV8: 71941.5 | PW8: 71969.3 | PX8: 71997.1 | PY8: 72024.9 | PZ8: 72052.7 | QA8: 72080.4 | QB8: 72108.2 | QC8: 72136 | QD8: 72163.8 | QE8: 72191.5 | QF8: 72219.3 | QG8: 72247.1 | QH8: 72274.9 | QI8: 72302.7 | QJ8: 72330.4 | QK8: 72358.2 | QL8: 72386 | QM8: 72413.8 | QN8: 72441.5 | QO8: 72469.3 | QP8: 72497.1 | QQ8: 72524.9 | QR8: 72552.7 | QS8: 72580.4 | QT8: 72608.2 | QU8: 72636 | QV8: 72663.8 | QW8: 72691.5 | QX8: 72719.3 | QY8: 72747.1 | QZ8: 72774.9 | RA8: 72802.7 | RB8: 72830.4 | RC8: 72858.2 | RD8: 72886 | RE8: 72913.8 | RF8: 72941.5 | RG8: 72969.3 | RH8: 72997.1 | RI8: 73024.9 | RJ8: 73052.7 | RK8: 73080.4 | RL8: 73108.2 | RM8: 73136 | RN8: 73163.8 | RO8: 73191.5 | RP8: 73219.3 | RQ8: 73247.1 | RR8: 73274.9 | RS8: 73302.7 | RT8: 73330.4 | RU8: 73358.2 | RV8: 73386 | RW8: 73413.8 | RX8: 73441.5 | RY8: 73469.3 | RZ8: 73497.1 | SA8: 73524.9 | SB8: 73552.7 | SC8: 73580.4 | SD8: 73608.2 | SE8: 73636 | SF8: 73663.8 | SG8: 73691.5 | SH8: 73719.3 | SI8: 73747.1 | SJ8: 73774.9 | SK8: 73802.7 | SL8: 73830.4 | SM8: 73858.2 | SN8: 73886 | SO8: 73913.8 | SP8: 73941.5 | SQ8: 73969.3 | SR8: 73997.1 | SS8: 74024.9 | ST8: 74052.7 | SU8: 74080.4 | SV8: 74108.2 | SW8: 74136 | SX8: 74163.8 | SY8: 74191.5 | SZ8: 74219.3 | TA8: 74247.1 | TB8: 74274.9 | TC8: 74302.7 | TD8: 74330.4 | TE8: 74358.2 | TF8: 74386 | TG8: 74413.8 | TH8: 74441.5 | TI8: 74469.3 | TJ8: 74497.1 | TK8: 74524.9 | TL8: 74552.7 | TM8: 74580.4 | TN8: 74608.2 | TO8: 74636 | TP8: 74663.8 | TQ8: 74691.5 | TR8: 74719.3 | TS8: 74747.1 | TT8: 74774.9 | TU8: 74802.7 | TV8: 74830.4 | TW8: 74858.2 | TX8: 74886 | TY8: 74913.8 | TZ8: 74941.5 | UA8: 74969.3 | UB8: 74997.1 | UC8: 75024.9 | UD8: 75052.7 | UE8: 75080.4 | UF8: 75108.2 | UG8: 75136 | UH8: 75163.8 | UI8: 75191.5 | UJ8: 75219.3 | UK8: 75247.1 | UL8: 75274.9 | UM8: 75302.7 | UN8: 75330.4 | UO8: 75358.2 | UP8: 75386 | UQ8: 75413.8 | UR8: 75441.5 | US8: 75469.3 | UT8: 75497.1 | UU8: 75524.9 | UV8: 75552.7 | UW8: 75580.4 | UX8: 75608.2 | UY8: 75636 | UZ8: 75663.8 | VA8: 75691.5 | VB8: 75719.3 | VC8: 75747.1 | VD8: 75774.9 | VE8: 75802.7 | VF8: 75830.4 | VG8: 75858.2 | VH8: 75886 | VI8: 75913.8 | VJ8: 75941.5 | VK8: 75969.3 | VL8: 75997.1 | VM8: 76024.9 | VN8: 76052.7 | VO8: 76080.4 | VP8: 76108.2 | VQ8: 76136 | VR8: 76163.8 | VS8: 76191.5 | VT8: 76219.3 | VU8: 76247.1 | VV8: 76274.9 | VW8: 76302.7 | VX8: 76330.4 | VY8: 76358.2 | VZ8: 76386 | WA8: 76413.8 | WB8: 76441.5 | WC8: 76469.3 | WD8: 76497.1 | WE8: 76524.9 | WF8: 76552.7 | WG8: 76580.4 | WH8: 76608.2 | WI8: 76636 | WJ8: 76663.8 | WK8: 76691.5 | WL8: 76719.3 | WM8: 76747.1 | WN8: 76774.9 | WO8: 76802.7 | WP8: 76830.4 | WQ8: 76858.2 | WR8: 76886 | WS8: 76913.8 | WT8: 76941.5 | WU8: 76969.3 | WV8: 76997.1 | WW8: 77024.9 | WX8: 77052.7 | WY8: 77080.4 | WZ8: 77108.2 | XA8: 77136 | XB8: 77163.8 | XC8: 77191.5 | XD8: 77219.3 | XE8: 77247.1 | XF8: 77274.9 | XG8: 77302.7 | XH8: 77330.4 | XI8: 77358.2 | XJ8: 77386 | XK8: 77413.8 | XL8: 77441.5 | XM8: 77469.3 | XN8: 77497.1 | XO8: 77524.9 | XP8: 77552.7 | XQ8: 77580.4 | XR8: 77608.2 | XS8: 77636 | XT8: 77663.8 | XU8: 77691.5 | XV8: 77719.3 | XW8: 77747.1 | XX8: 77774.9 | XY8: 77802.7 | XZ8: 77830.4 | YA8: 77858.2 | YB8: 77886 | YC8: 77913.8 | YD8: 77941.5 | YE8: 77969.3 | YF8: 77997.1 | YG8: 78024.9 | YH8: 78052.7 | YI8: 78080.4 | YJ8: 78108.2 | YK8: 78136 | YL8: 78163.8 | YM8: 78191.5 | YN8: 78219.3 | YO8: 78247.1 | YP8: 78274.9 | YQ8: 78302.7 | YR8: 78330.4 | YS8: 78358.2 | YT8: 78386 | YU8: 78413.8 | YV8: 78441.5 | YW8: 78469.3 | YX8: 78497.1 | YY8: 78524.9 | YZ8: 78552.7 | ZA8: 78580.4 | ZB8: 78608.2 | ZC8: 78636 | ZD8: 78663.8 | ZE8: 78691.5 | ZF8: 78719.3 | ZG8: 78747.1 | ZH8: 78774.9 | ZI8: 78774.9 | ZJ8: 0 | ZK8: 0 | ZL8: 0 | ZM8: 0 | ZN8: 0 | ZO8: 0 | ZP8: 0 | ZQ8: 0 | ZR8: 0 | ZS8: 0 | ZT8: 0 | ZU8: 0 | ZV8: 0 | ZW8: 0 | ZX8: 0 | ZY8: 0 | ZZ8: 0 | AAA8: 0 | AAB8: 0 | AAC8: 0 | AAD8: 0 | AAE8: 0 | AAF8: 0 | AAG8: 0 | AAH8: 0 | AAI8: 0 | AAJ8: 0 | AAK8: 0 | AAL8: 0 | AAM8: 0 | AAN8: 0 | AAO8: 0 | AAP8: 0 | AAQ8: 0 | AAR8: 0 | AAS8: 0 | AAT8: 0 | AAU8: 0 | AAV8: 0 | AAW8: 0 | AAX8: 0 | AAY8: 0 | AAZ8: 0 | ABA8: 0 | ABB8: 0 | ABC8: 0 | ABD8: 0 | ABE8: 0 | ABF8: 0 | ABG8: 0 | ABH8: 0 | ABI8: 0 | ABJ8: 0 | ABK8: 0 | ABL8: 0 | ABM8: 0 | ABN8: 0 | ABO8: 0 | ABP8: 0 | ABQ8: 0 | ABR8: 0 | ABS8: 0 | ABT8: 0 | ABU8: 0 | ABV8: 0 | ABW8: 0 | ABX8: 0 | ABY8: 0 | ABZ8: 0 | ACA8: 0 | ACB8: 0 | ACC8: 0 | ACD8: 0 | ACE8: 0 | ACF8: 0 | ACG8: 0 | ACH8: 0 | ACI8: 0 | ACJ8: 0 | ACK8: 0 | ACL8: 0 | ACM8: 0 | ACN8: 0 | ACO8: 0 | ACP8: 0 | ACQ8: 0 | ACR8: 0 | ACS8: 0 | ACT8: 0 | ACU8: 0 | ACV8: 0 | ACW8: 0 | ACX8: 0 | ACY8: 0 | ACZ8: 0 | ADA8: 0 | ADB8: 0 | ADC8: 0 | ADD8: 0 | ADE8: 0 | ADF8: 0 | ADG8: 0 | ADH8: 0 | ADI8: 0 | ADJ8: 0 | ADK8: 0 | ADL8: 0 | ADM8: 0 | ADN8: 0 | ADO8: 0 | ADP8: 0 | ADQ8: 0 | ADR8: 0 | ADS8: 0 | ADT8: 0 | ADU8: 0 | ADV8: 0 | ADW8: 0 | ADX8: 0 | ADY8: 0 | ADZ8: 0 | AEA8: 0 | AEB8: 0 | AEC8: 0 | AED8: 0 | AEE8: 0 | AEF8: 0 | AEG8: 0 | AEH8: 0 | AEI8: 0 | AEJ8: 0 | AEK8: 0 | AEL8: 0 | AEM8: 0 | AEN8: 0 | AEO8: 0 | AEP8: 0 | AEQ8: 0 | AER8: 0 | AES8: 0 | AET8: 0 | AEU8: 0 | AEV8: 0 | AEW8: 0 | AEX8: 0 | AEY8: 0 | AEZ8: 0 | AFA8: 0 | AFB8: 0 | AFC8: 0 | AFD8: 0 | AFE8: 0 | AFF8: 0 | AFG8: 0 | AFH8: 0 | AFI8: 0 | AFJ8: 0 | AFK8: 0 | AFL8: 0 | AFM8: 0 | AFN8: 0 | AFO8: 0 | AFP8: 0 | AFQ8: 0 | AFR8: 0 | AFS8: 0 | AFT8: 0 | AFU8: 0 | AFV8: 0 | AFW8: 0 | AFX8: 0 | AFY8: 0 | AFZ8: 0 | AGA8: 0 | AGB8: 0 | AGC8: 0 | AGD8: 0 | AGE8: 0 | AGF8: 0 | AGG8: 0 | AGH8: 0 | AGI8: 0 | AGJ8: 0 | AGK8: 0 | AGL8: 0 | AGM8: 0 | AGN8: 0 | AGO8: 0 | AGP8: 0 | AGQ8: 0 | AGR8: 0 | AGS8: 0 | AGT8: 0 | AGU8: 0 | AGV8: 0 | AGW8: 0 | AGX8: 0 | AGY8: 0 | AGZ8: 0 | AHA8: 0 | AHB8: 0 | AHC8: 0 | AHD8: 0 | AHE8: 0 | AHF8: 0 | AHG8: 0 | AHH8: 0 | AHI8: 0 | AHJ8: 0 | AHK8: 0 | AHL8: 0 | AHM8: 0 | AHN8: 0 | AHO8: 0 | AHP8: 0 | AHQ8: 0 | AHR8: 0 | AHS8: 0 | AHT8: 0 | AHU8: 0 | AHV8: 0 | AHW8: 0 | AHX8: 0 | AHY8: 0 | AHZ8: 0 | AIA8: 0 | AIB8: 0 | AIC8: 0 | AID8: 0 | AIE8: 0 | AIF8: 0 | AIG8: 0 | AIH8: 0 | AII8: 0 | AIJ8: 0 | AIK8: 0 | AIL8: 0 | AIM8: 0 | AIN8: 0 | AIO8: 0 | AIP8: 0 | AIQ8: 0 | AIR8: 0 | AIS8: 0 | AIT8: 0 | AIU8: 0 | AIV8: 0 | AIW8: 0 | AIX8: 0 | AIY8: 0 | AIZ8: 0 | AJA8: 0 | AJB8: 0 | AJC8: 0 | AJD8: 0 | AJE8: 0 | AJF8: 0 | AJG8: 0 | AJH8: 0 | AJI8: 0 | AJJ8: 0 | AJK8: 0 | AJL8: 0 | AJM8: 0 | AJN8: 0 | AJO8: 0 | AJP8: 0 | AJQ8: 0 | AJR8: 0 | AJS8: 0 | AJT8: 0 | AJU8: 0 | AJV8: 0 | AJW8: 0 | AJX8: 0 | AJY8: 0 | AJZ8: 0 | AKA8: 0 | AKB8: 0 | AKC8: 0 | AKD8: 0 | AKE8: 0 | AKF8: 0 | AKG8: 0 | AKH8: 0 | AKI8: 0 | AKJ8: 0 | AKK8: 0 | AKL8: 0 | AKM8: 0 | AKN8: 0 | AKO8: 0 | AKP8: 0 | AKQ8: 0 | AKR8: 0 | AKS8: 0 | AKT8: 0 | AKU8: 0 | AKV8: 0 | AKW8: 0 | AKX8: 0 | AKY8: 0 | AKZ8: 0 | ALA8: 0 | ALB8: 0 | ALC8: 0 | ALD8: 0 | ALE8: 0 | ALF8: 0 | ALG8: 0 | ALH8: 0 | ALI8: 0 | ALJ8: 0 | ALK8: 0 | ALL8: 0 | ALM8: 0 | ALN8: 0 | ALO8: 0 | ALP8: 0
A9: 46501-1 | B9: 0 | C9: 0 | D9: A | E9: 9636 | F9: 9636 | G9: 9636.29 | H9: 9636.86 | I9: 9637.71 | J9: 9638.85 | K9: 9640.27 | L9: 9641.97 | M9: 9643.96 | N9: 9646.22 | O9: 9648.77 | P9: 9651.59 | Q9: 9654.69 | R9: 9658.07 | S9: 9661.72 | T9: 9665.65 | U9: 9669.85 | V9: 9674.33 | W9: 9679.08 | X9: 9684.11 | Y9: 9689.4 | Z9: 9694.97 | AA9: 9700.8 | AB9: 9706.91 | AC9: 9713.28 | AD9: 9719.92 | AE9: 9726.83 | AF9: 9734 | AG9: 9741.44 | AH9: 9749.14 | AI9: 9757.11 | AJ9: 9765.33 | AK9: 9773.82 | AL9: 9782.58 | AM9: 9791.59 | AN9: 9800.86 | AO9: 9810.38 | AP9: 9820.17 | AQ9: 9830.21 | AR9: 9840.51 | AS9: 9851.07 | AT9: 9861.87 | AU9: 9872.93 | AV9: 9884.25 | AW9: 9895.81 | AX9: 9907.63 | AY9: 9919.7 | AZ9: 9932.01 | BA9: 9944.58 | BB9: 9957.39 | BC9: 9970.44 | BD9: 9983.75 | BE9: 9997.3 | BF9: 10011.1 | BG9: 10025.1 | BH9: 10039.4 | BI9: 10053.9 | BJ9: 10068.7 | BK9: 10083.7 | BL9: 10098.9 | BM9: 10114.4 | BN9: 10130.1 | BO9: 10146.1 | BP9: 10162.3 | BQ9: 10178.7 | BR9: 10195.3 | BS9: 10212.2 | BT9: 10229.3 | BU9: 10246.7 | BV9: 10264.3 | BW9: 10282.1 | BX9: 10300.1 | BY9: 10318.4 | BZ9: 10336.9 | CA9: 10355.6 | CB9: 10374.6 | CC9: 10393.7 | CD9: 10413.1 | CE9: 10432.7 | CF9: 10452.6 | CG9: 10472.6 | CH9: 10492.9 | CI9: 10513.4 | CJ9: 10534.1 | CK9: 10555.1 | CL9: 10576.2 | CM9: 10597.6 | CN9: 10619.2 | CO9: 10641 | CP9: 10663 | CQ9: 10685.2 | CR9: 10707.6 | CS9: 10730.2 | CT9: 10753 | CU9: 10776 | CV9: 10799.1 | CW9: 10822.5 | CX9: 10846 | CY9: 10869.8 | CZ9: 10893.7 | DA9: 10917.8 | DB9: 10942.1 | DC9: 10966.5 | DD9: 10991.1 | DE9: 11015.9 | DF9: 11040.9 | DG9: 11066 | DH9: 11091.3 | DI9: 11116.7 | DJ9: 11142.3 | DK9: 11168.1 | DL9: 11194 | DM9: 11220.1 | DN9: 11246.3 | DO9: 11272.7 | DP9: 11299.3 | DQ9: 11325.9 | DR9: 11352.8 | DS9: 11379.7 | DT9: 11406.9 | DU9: 11434.1 | DV9: 11461.5 | DW9: 11489.1 | DX9: 11510 | DY9: 11537.8 | DZ9: 11565.5 | EA9: 11593.3 | EB9: 11621.1 | EC9: 11648.9 | ED9: 11676.7 | EE9: 11704.4 | EF9: 11732.2 | EG9: 11760 | EH9: 11787.8 | EI9: 11815.5 | EJ9: 11843.3 | EK9: 11871.1 | EL9: 11898.9 | EM9: 11926.7 | EN9: 11954.4 | EO9: 11982.2 | EP9: 12010 | EQ9: 12037.8 | ER9: 12065.5 | ES9: 12093.3 | ET9: 12121.1 | EU9: 12148.9 | EV9: 12176.7 | EW9: 12204.4 | EX9: 12232.2 | EY9: 12260 | EZ9: 12287.8 | FA9: 12315.5 | FB9: 12343.3 | FC9: 12371.1 | FD9: 12398.9 | FE9: 12426.7 | FF9: 12454.4 | FG9: 12482.2 | FH9: 12510 | FI9: 12537.8 | FJ9: 12565.5 | FK9: 12593.3 | FL9: 12621.1 | FM9: 12648.9 | FN9: 12676.7 | FO9: 12704.4 | FP9: 12732.2 | FQ9: 12760 | FR9: 12787.8 | FS9: 12815.5 | FT9: 12843.3 | FU9: 12871.1 | FV9: 12898.9 | FW9: 12926.7 | FX9: 12954.4 | FY9: 12982.2 | FZ9: 13010 | GA9: 13037.8 | GB9: 13065.5 | GC9: 13093.3 | GD9: 13121.1 | GE9: 13148.9 | GF9: 13176.7 | GG9: 13204.4 | GH9: 13232.2 | GI9: 13260 | GJ9: 13287.8 | GK9: 13315.5 | GL9: 13343.3 | GM9: 13371.1 | GN9: 13398.9 | GO9: 13426.7 | GP9: 13454.4 | GQ9: 13482.2 | GR9: 13510 | GS9: 13537.8 | GT9: 13565.5 | GU9: 13593.3 | GV9: 13621.1 | GW9: 13648.9 | GX9: 13676.7 | GY9: 13704.4 | GZ9: 13732.2 | HA9: 13760 | HB9: 13787.8 | HC9: 13815.5 | HD9: 13843.3 | HE9: 13871.1 | HF9: 13898.9 | HG9: 13926.7 | HH9: 13954.4 | HI9: 13982.2 | HJ9: 14010 | HK9: 14037.8 | HL9: 14065.5 | HM9: 14093.3 | HN9: 14121.1 | HO9: 14148.9 | HP9: 14176.7 | HQ9: 14204.4 | HR9: 14232.2 | HS9: 14260 | HT9: 14287.8 | HU9: 14315.5 | HV9: 14343.3 | HW9: 14371.1 | HX9: 14398.9 | HY9: 14426.7 | HZ9: 14454.4 | IA9: 14482.2 | IB9: 14510 | IC9: 14537.8 | ID9: 14565.5 | IE9: 14593.3 | IF9: 14621.1 | IG9: 14648.9 | IH9: 14676.7 | II9: 14704.4 | IJ9: 14732.2 | IK9: 14760 | IL9: 14787.8 | IM9: 14815.5 | IN9: 14843.3 | IO9: 14871.1 | IP9: 14898.9 | IQ9: 14926.7 | IR9: 14954.4 | IS9: 14982.2 | IT9: 15010 | IU9: 15037.8 | IV9: 15065.5 | IW9: 15093.3 | IX9: 15121.1 | IY9: 15148.9 | IZ9: 15176.7 | JA9: 15204.4 | JB9: 15232.2 | JC9: 15260 | JD9: 15287.8 | JE9: 15315.5 | JF9: 15343.3 | JG9: 15371.1 | JH9: 15398.9 | JI9: 15426.7 | JJ9: 15454.4 | JK9: 15482.2 | JL9: 15510 | JM9: 15537.8 | JN9: 15565.5 | JO9: 15593.3 | JP9: 15621.1 | JQ9: 15648.9 | JR9: 15676.7 | JS9: 15704.4 | JT9: 15732.2 | JU9: 15760 | JV9: 15787.8 | JW9: 15815.5 | JX9: 15843.3 | JY9: 15871.1 | JZ9: 15898.9 | KA9: 15926.7 | KB9: 15954.4 | KC9: 15982.2 | KD9: 16010 | KE9: 16037.8 | KF9: 16065.5 | KG9: 16093.3 | KH9: 16121.1 | KI9: 16148.9 | KJ9: 16176.7 | KK9: 16204.4 | KL9: 16232.2 | KM9: 16260 | KN9: 16287.8 | KO9: 16315.5 | KP9: 16343.3 | KQ9: 16371.1 | KR9: 16398.9 | KS9: 16426.7 | KT9: 16454.4 | KU9: 16482.2 | KV9: 16510 | KW9: 16537.8 | KX9: 16565.5 | KY9: 16593.3 | KZ9: 16621.1 | LA9: 16648.9 | LB9: 16676.7 | LC9: 16704.4 | LD9: 16732.2 | LE9: 16760 | LF9: 16787.8 | LG9: 16815.5 | LH9: 16843.3 | LI9: 16871.1 | LJ9: 16898.9 | LK9: 16926.7 | LL9: 16954.4 | LM9: 16982.2 | LN9: 17010 | LO9: 17037.8 | LP9: 17065.5 | LQ9: 17093.3 | LR9: 17121.1 | LS9: 17148.9 | LT9: 17176.7 | LU9: 17204.4 | LV9: 17232.2 | LW9: 17260 | LX9: 17287.8 | LY9: 17315.5 | LZ9: 17343.3 | MA9: 17371.1 | MB9: 17398.9 | MC9: 17426.7 | MD9: 17454.4 | ME9: 17482.2 | MF9: 17510 | MG9: 17537.8 | MH9: 17565.5 | MI9: 17593.3 | MJ9: 17621.1 | MK9: 17648.9 | ML9: 17676.7 | MM9: 17704.4 | MN9: 17732.2 | MO9: 17760 | MP9: 17787.8 | MQ9: 17815.5 | MR9: 17843.3 | MS9: 17871.1 | MT9: 17898.9 | MU9: 17926.7 | MV9: 17954.4 | MW9: 17982.2 | MX9: 18010 | MY9: 18037.8 | MZ9: 18065.5 | NA9: 18093.3 | NB9: 18121.1 | NC9: 18148.9 | ND9: 18176.7 | NE9: 18204.4 | NF9: 18232.2 | NG9: 18260 | NH9: 18287.8 | NI9: 18315.5 | NJ9: 18343.3 | NK9: 18371.1 | NL9: 18398.9 | NM9: 18426.7 | NN9: 18454.4 | NO9: 18482.2 | NP9: 18510 | NQ9: 18537.8 | NR9: 18565.5 | NS9: 18593.3 | NT9: 18621.1 | NU9: 18648.9 | NV9: 18676.7 | NW9: 18704.4 | NX9: 18732.2 | NY9: 18760 | NZ9: 18787.8 | OA9: 18815.5 | OB9: 18843.3 | OC9: 18871.1 | OD9: 18898.9 | OE9: 18926.7 | OF9: 18954.4 | OG9: 18982.2 | OH9: 19010 | OI9: 19037.8 | OJ9: 19065.5 | OK9: 19093.3 | OL9: 19121.1 | OM9: 19148.9 | ON9: 19176.7 | OO9: 19204.4 | OP9: 19232.2 | OQ9: 19260 | OR9: 19287.8 | OS9: 19315.5 | OT9: 19343.3 | OU9: 19371.1 | OV9: 19398.9 | OW9: 19426.7 | OX9: 19454.4 | OY9: 19482.2 | OZ9: 19510 | PA9: 19537.8 | PB9: 19565.5 | PC9: 19593.3 | PD9: 19621.1 | PE9: 19648.9 | PF9: 19676.7 | PG9: 19704.4 | PH9: 19732.2 | PI9: 19760 | PJ9: 19787.8 | PK9: 19815.5 | PL9: 19843.3 | PM9: 19871.1 | PN9: 19898.9 | PO9: 19926.7 | PP9: 19954.4 | PQ9: 19982.2 | PR9: 20010 | PS9: 20037.8 | PT9: 20065.5 | PU9: 20093.3 | PV9: 20121.1 | PW9: 20148.9 | PX9: 20176.7 | PY9: 20204.4 | PZ9: 20232.2 | QA9: 20260 | QB9: 20287.8 | QC9: 20315.5 | QD9: 20343.3 | QE9: 20371.1 | QF9: 20398.9 | QG9: 20426.7 | QH9: 20454.4 | QI9: 20482.2 | QJ9: 20510 | QK9: 20537.8 | QL9: 20565.5 | QM9: 20593.3 | QN9: 20621.1 | QO9: 20648.9 | QP9: 20676.7 | QQ9: 20704.4 | QR9: 20732.2 | QS9: 20760 | QT9: 20787.8 | QU9: 20815.5 | QV9: 20843.3 | QW9: 20871.1 | QX9: 20898.9 | QY9: 20926.7 | QZ9: 20954.4 | RA9: 20982.2 | RB9: 21010 | RC9: 21037.8 | RD9: 21065.5 | RE9: 21093.3 | RF9: 21121.1 | RG9: 21148.9 | RH9: 21176.7 | RI9: 21204.4 | RJ9: 21232.2 | RK9: 21260 | RL9: 21287.8 | RM9: 21315.5 | RN9: 21343.3 | RO9: 21371.1 | RP9: 21398.9 | RQ9: 21426.7 | RR9: 21454.4 | RS9: 21482.2 | RT9: 21510 | RU9: 21537.8 | RV9: 21565.5 | RW9: 21593.3 | RX9: 21621.1 | RY9: 21648.9 | RZ9: 21676.7 | SA9: 21704.4 | SB9: 21732.2 | SC9: 21760 | SD9: 21787.8 | SE9: 21815.5 | SF9: 21843.3 | SG9: 21871.1 | SH9: 21898.9 | SI9: 21926.7 | SJ9: 21954.4 | SK9: 21982.2 | SL9: 22010 | SM9: 22037.8 | SN9: 22065.5 | SO9: 22093.3 | SP9: 22121.1 | SQ9: 22148.9 | SR9: 22176.7 | SS9: 22204.4 | ST9: 22232.2 | SU9: 22260 | SV9: 22287.8 | SW9: 22315.5 | SX9: 22343.3 | SY9: 22371.1 | SZ9: 22398.9 | TA9: 22426.7 | TB9: 22454.4 | TC9: 22482.2 | TD9: 22510 | TE9: 22537.8 | TF9: 22565.5 | TG9: 22593.3 | TH9: 22621.1 | TI9: 22648.9 | TJ9: 22676.7 | TK9: 22704.4 | TL9: 22732.2 | TM9: 22760 | TN9: 22787.8 | TO9: 22815.5 | TP9: 22843.3 | TQ9: 22871.1 | TR9: 22898.9 | TS9: 22926.7 | TT9: 22954.4 | TU9: 22982.2 | TV9: 23010 | TW9: 23037.8 | TX9: 23065.5 | TY9: 23093.3 | TZ9: 23121.1 | UA9: 23148.9 | UB9: 23176.7 | UC9: 23204.4 | UD9: 23232.2 | UE9: 23260 | UF9: 23287.8 | UG9: 23315.5 | UH9: 23343.3 | UI9: 23371.1 | UJ9: 23398.9 | UK9: 23426.7 | UL9: 23454.4 | UM9: 23482.2 | UN9: 23510 | UO9: 23537.8 | UP9: 23565.5 | UQ9: 23593.3 | UR9: 23621.1 | US9: 23648.9 | UT9: 23676.7 | UU9: 23704.4 | UV9: 23732.2 | UW9: 23760 | UX9: 23787.8 | UY9: 23815.5 | UZ9: 23843.3 | VA9: 23871.1 | VB9: 23898.9 | VC9: 23926.7 | VD9: 23954.4 | VE9: 23982.2 | VF9: 24010 | VG9: 24037.8 | VH9: 24065.5 | VI9: 24093.3 | VJ9: 24121.1 | VK9: 24148.9 | VL9: 24176.7 | VM9: 24204.4 | VN9: 24232.2 | VO9: 24260 | VP9: 24287.8 | VQ9: 24315.5 | VR9: 24343.3 | VS9: 24371.1 | VT9: 24398.9 | VU9: 24426.7 | VV9: 24454.4 | VW9: 24482.2 | VX9: 24510 | VY9: 24537.8 | VZ9: 24565.5 | WA9: 24593.3 | WB9: 24621.1 | WC9: 24648.9 | WD9: 24676.7 | WE9: 24704.4 | WF9: 24732.2 | WG9: 24760 | WH9: 24787.8 | WI9: 24815.5 | WJ9: 24843.3 | WK9: 24871.1 | WL9: 24898.9 | WM9: 24926.7 | WN9: 24954.4 | WO9: 24982.2 | WP9: 25010 | WQ9: 25037.8 | WR9: 25065.5 | WS9: 25093.3 | WT9: 25121.1 | WU9: 25148.9 | WV9: 25176.7 | WW9: 25204.4 | WX9: 25232.2 | WY9: 25260 | WZ9: 25287.8 | XA9: 25315.5 | XB9: 25343.3 | XC9: 25371.1 | XD9: 25398.9 | XE9: 25426.7 | XF9: 25454.4 | XG9: 25482.2 | XH9: 25510 | XI9: 25537.8 | XJ9: 25565.5 | XK9: 25593.3 | XL9: 25621.1 | XM9: 25648.9 | XN9: 25676.7 | XO9: 25704.4 | XP9: 25732.2 | XQ9: 25760 | XR9: 25787.8 | XS9: 25815.5 | XT9: 25843.3 | XU9: 25871.1 | XV9: 25898.9 | XW9: 25926.7 | XX9: 25954.4 | XY9: 25982.2 | XZ9: 26010 | YA9: 26037.8 | YB9: 26065.5 | YC9: 26093.3 | YD9: 26121.1 | YE9: 26148.9 | YF9: 26176.7 | YG9: 26204.4 | YH9: 26232.2 | YI9: 26260 | YJ9: 26287.8 | YK9: 26315.5 | YL9: 26343.3 | YM9: 26371.1 | YN9: 26398.9 | YO9: 26426.7 | YP9: 26454.4 | YQ9: 26482.2 | YR9: 26510 | YS9: 26537.8 | YT9: 26565.5 | YU9: 26593.3 | YV9: 26621.1 | YW9: 26648.9 | YX9: 26676.7 | YY9: 26704.4 | YZ9: 26732.2 | ZA9: 26760 | ZB9: 26787.8 | ZC9: 26815.5 | ZD9: 26843.3 | ZE9: 26871.1 | ZF9: 26898.9 | ZG9: 26926.7 | ZH9: 26954.4 | ZI9: 26982.2 | ZJ9: 27010 | ZK9: 27037.8 | ZL9: 27065.5 | ZM9: 27093.3 | ZN9: 27121.1 | ZO9: 27148.9 | ZP9: 27176.7 | ZQ9: 27204.4 | ZR9: 27232.2 | ZS9: 27260 | ZT9: 27287.8 | ZU9: 27315.5 | ZV9: 27343.3 | ZW9: 27371.1 | ZX9: 27398.9 | ZY9: 27426.7 | ZZ9: 27454.4 | AAA9: 27482.2 | AAB9: 27510 | AAC9: 27537.8 | AAD9: 27565.5 | AAE9: 27593.3 | AAF9: 27621.1 | AAG9: 27648.9 | AAH9: 27676.7 | AAI9: 27704.4 | AAJ9: 27732.2 | AAK9: 27760 | AAL9: 27787.8 | AAM9: 27815.5 | AAN9: 27843.3 | AAO9: 27871.1 | AAP9: 27898.9 | AAQ9: 27926.7 | AAR9: 27954.4 | AAS9: 27982.2 | AAT9: 28010 | AAU9: 28037.8 | AAV9: 28065.5 | AAW9: 28093.3 | AAX9: 28121.1 | AAY9: 28148.9 | AAZ9: 28176.7 | ABA9: 28204.4 | ABB9: 28232.2 | ABC9: 28260 | ABD9: 28287.8 | ABE9: 28315.5 | ABF9: 28343.3 | ABG9: 28371.1 | ABH9: 28398.9 | ABI9: 28426.7 | ABJ9: 28454.4 | ABK9: 28482.2 | ABL9: 28510 | ABM9: 28537.8 | ABN9: 28565.5 | ABO9: 28593.3 | ABP9: 28621.1 | ABQ9: 28648.9 | ABR9: 28676.7 | ABS9: 28704.4 | ABT9: 28732.2 | ABU9: 28760 | ABV9: 28787.8 | ABW9: 28815.5 | ABX9: 28843.3 | ABY9: 28871.1 | ABZ9: 28898.9 | ACA9: 28926.7 | ACB9: 28954.4 | ACC9: 28982.2 | ACD9: 29010 | ACE9: 29037.8 | ACF9: 29065.5 | ACG9: 29093.3 | ACH9: 29121.1 | ACI9: 29148.9 | ACJ9: 29176.7 | ACK9: 29204.4 | ACL9: 29232.2 | ACM9: 29260 | ACN9: 29287.8 | ACO9: 29315.5 | ACP9: 29343.3 | ACQ9: 29371.1 | ACR9: 29398.9 | ACS9: 29426.7 | ACT9: 29454.4 | ACU9: 29482.2 | ACV9: 29510 | ACW9: 29537.8 | ACX9: 29565.5 | ACY9: 29593.3 | ACZ9: 29621.1 | ADA9: 29648.9 | ADB9: 29676.7 | ADC9: 29704.4 | ADD9: 29732.2 | ADE9: 29760 | ADF9: 29787.8 | ADG9: 29815.5 | ADH9: 29843.3 | ADI9: 29871.1 | ADJ9: 29898.9 | ADK9: 29926.7 | ADL9: 29954.4 | ADM9: 29982.2 | ADN9: 30010 | ADO9: 30037.8 | ADP9: 30065.5 | ADQ9: 30093.3 | ADR9: 30121.1 | ADS9: 30148.9 | ADT9: 30176.7 | ADU9: 30204.4 | ADV9: 30232.2 | ADW9: 30260 | ADX9: 30287.8 | ADY9: 30315.5 | ADZ9: 30343.3 | AEA9: 30371.1 | AEB9: 30398.9 | AEC9: 30426.7 | AED9: 30454.4 | AEE9: 30482.2 | AEF9: 30510 | AEG9: 30537.8 | AEH9: 30565.5 | AEI9: 30593.3 | AEJ9: 30621.1 | AEK9: 30648.9 | AEL9: 30676.7 | AEM9: 30704.4 | AEN9: 30732.2 | AEO9: 30760 | AEP9: 30787.8 | AEQ9: 30815.5 | AER9: 30843.3 | AES9: 30871.1 | AET9: 30898.9 | AEU9: 30926.7 | AEV9: 30954.4 | AEW9: 30982.2 | AEX9: 31010 | AEY9: 31037.8 | AEZ9: 31065.5 | AFA9: 31093.3 | AFB9: 31121.1 | AFC9: 31148.9 | AFD9: 31176.7 | AFE9: 31204.4 | AFF9: 31232.2 | AFG9: 31260 | AFH9: 31287.8 | AFI9: 31315.5 | AFJ9: 31343.3 | AFK9: 31371.1 | AFL9: 31398.9 | AFM9: 31426.7 | AFN9: 31454.4 | AFO9: 31482.2 | AFP9: 31510 | AFQ9: 31537.8 | AFR9: 31565.5 | AFS9: 31593.3 | AFT9: 31621.1 | AFU9: 31648.9 | AFV9: 31676.7 | AFW9: 31704.4 | AFX9: 31732.2 | AFY9: 31760 | AFZ9: 31787.8 | AGA9: 31815.5 | AGB9: 31843.3 | AGC9: 31871.1 | AGD9: 31898.9 | AGE9: 31926.7 | AGF9: 31954.4 | AGG9: 31982.2 | AGH9: 32010 | AGI9: 32037.8 | AGJ9: 32065.5 | AGK9: 32093.3 | AGL9: 32121.1 | AGM9: 32148.9 | AGN9: 32176.7 | AGO9: 32204.4 | AGP9: 32232.2 | AGQ9: 32260 | AGR9: 32287.8 | AGS9: 32315.5 | AGT9: 32343.3 | AGU9: 32371.1 | AGV9: 32398.9 | AGW9: 32426.7 | AGX9: 32454.4 | AGY9: 32482.2 | AGZ9: 32510 | AHA9: 32537.8 | AHB9: 32565.5 | AHC9: 32593.3 | AHD9: 32621.1 | AHE9: 32648.9 | AHF9: 32676.7 | AHG9: 32704.4 | AHH9: 32732.2 | AHI9: 32760 | AHJ9: 32787.8 | AHK9: 32815.5 | AHL9: 32843.3 | AHM9: 32871.1 | AHN9: 32898.9 | AHO9: 32926.7 | AHP9: 32943.3 | AHQ9: 32951.8 | AHR9: 32978.7 | AHS9: 33005 | AHT9: 33030.6 | AHU9: 33055.6 | AHV9: 33079.9 | AHW9: 33103.6 | AHX9: 33126.7 | AHY9: 33149.1 | AHZ9: 33170.9 | AIA9: 33192 | AIB9: 33212.5 | AIC9: 33232.3 | AID9: 33251.5 | AIE9: 33270.1 | AIF9: 33288 | AIG9: 33305.3 | AIH9: 33322 | AII9: 33338.7 | AIJ9: 33355.3 | AIK9: 33372 | AIL9: 33388.7 | AIM9: 33405.3 | AIN9: 33422 | AIO9: 33438.7 | AIP9: 33455.3 | AIQ9: 33472 | AIR9: 33488.7 | AIS9: 33505.3 | AIT9: 33522.2 | AIU9: 33539.4 | AIV9: 33556.7 | AIW9: 33574.3 | AIX9: 33592.1 | AIY9: 33610.2 | AIZ9: 33628.5 | AJA9: 33647 | AJB9: 33665.7 | AJC9: 33684.7 | AJD9: 33703.9 | AJE9: 33723.3 | AJF9: 33742.9 | AJG9: 33762.7 | AJH9: 33782.8 | AJI9: 33803.1 | AJJ9: 33823.6 | AJK9: 33844.4 | AJL9: 33865.3 | AJM9: 33886.5 | AJN9: 33907.8 | AJO9: 33929.4 | AJP9: 33951.2 | AJQ9: 33973.2 | AJR9: 33995.5 | AJS9: 34017.9 | AJT9: 34040.5 | AJU9: 34063.3 | AJV9: 34086.3 | AJW9: 34109.5 | AJX9: 34132.8 | AJY9: 34156.4 | AJZ9: 34180.1 | AKA9: 34204.1 | AKB9: 34228.2 | AKC9: 34252.4 | AKD9: 34276.9 | AKE9: 34301.5 | AKF9: 34326.3 | AKG9: 34351.3 | AKH9: 34376.4 | AKI9: 34401.7 | AKJ9: 34427.2 | AKK9: 34452.8 | AKL9: 34478.6 | AKM9: 34504.5 | AKN9: 34530.6 | AKO9: 34556.8 | AKP9: 34583.2 | AKQ9: 34609.8 | AKR9: 34636.5 | AKS9: 34663.3 | AKT9: 34690.3 | AKU9: 34717.4 | AKV9: 34744.7 | AKW9: 34772.1 | AKX9: 34799.6 | AKY9: 34819.2 | AKZ9: 34846.9 | ALA9: 34874.7 | ALB9: 34902.5 | ALC9: 34930.3 | ALD9: 34958.1 | ALE9: 34985.8 | ALF9: 35013.6 | ALG9: 35041.4 | ALH9: 35069.2 | ALI9: 35096.9 | ALJ9: 35124.7 | ALK9: 35152.5 | ALL9: 35180.3 | ALM9: 35208.1 | ALN9: 35235.8 | ALO9: 35263.6 | ALP9: 35291.4
A10: 201-1 | B10: 0 | C10: 0 | D10: A | E10: 9636 | F10: 9636 | G10: 9636.45 | H10: 9637.34 | I10: 9638.68 | J10: 9640.45 | K10: 9642.67 | L10: 9645.32 | M10: 9648.4 | N10: 9651.92 | O10: 9655.86 | P10: 9660.23 | Q10: 9665.02 | R10: 9670.24 | S10: 9675.87 | T10: 9681.93 | U10: 9688.39 | V10: 9695.27 | W10: 9702.56 | X10: 9710.26 | Y10: 9718.36 | Z10: 9726.87 | AA10: 9735.77 | AB10: 9745.08 | AC10: 9754.78 | AD10: 9764.87 | AE10: 9775.36 | AF10: 9786.23 | AG10: 9797.5 | AH10: 9809.14 | AI10: 9821.17 | AJ10: 9833.58 | AK10: 9846.36 | AL10: 9859.52 | AM10: 9873.06 | AN10: 9886.96 | AO10: 9901.23 | AP10: 9915.87 | AQ10: 9930.87 | AR10: 9946.24 | AS10: 9961.96 | AT10: 9978.04 | AU10: 9994.47 | AV10: 10011.3 | AW10: 10028.4 | AX10: 10045.9 | AY10: 10063.7 | AZ10: 10081.9 | BA10: 10100.4 | BB10: 10119.3 | BC10: 10138.4 | BD10: 10158 | BE10: 10177.8 | BF10: 10198 | BG10: 10218.5 | BH10: 10239.4 | BI10: 10260.5 | BJ10: 10282 | BK10: 10303.8 | BL10: 10326 | BM10: 10348.4 | BN10: 10371.1 | BO10: 10394.2 | BP10: 10417.6 | BQ10: 10441.3 | BR10: 10465.2 | BS10: 10489.5 | BT10: 10514.1 | BU10: 10539 | BV10: 10564.2 | BW10: 10589.6 | BX10: 10615.4 | BY10: 10641.5 | BZ10: 10667.8 | CA10: 10694.4 | CB10: 10721.4 | CC10: 10748.6 | CD10: 10776 | CE10: 10803.8 | CF10: 10831.8 | CG10: 10860.1 | CH10: 10888.7 | CI10: 10917.5 | CJ10: 10946.5 | CK10: 10975.9 | CL10: 11005.4 | CM10: 11035.2 | CN10: 11065.3 | CO10: 11095.6 | CP10: 11126.1 | CQ10: 11156.9 | CR10: 11187.9 | CS10: 11219.1 | CT10: 11250.6 | CU10: 11282.3 | CV10: 11314.2 | CW10: 11346.3 | CX10: 11378.6 | CY10: 11411.2 | CZ10: 11443.9 | DA10: 11476.9 | DB10: 11510.1 | DC10: 11543.5 | DD10: 11577 | DE10: 11610.8 | DF10: 11644.8 | DG10: 11679 | DH10: 11713.4 | DI10: 11747.9 | DJ10: 11782.7 | DK10: 11817.6 | DL10: 11852.8 | DM10: 11888.1 | DN10: 11923.6 | DO10: 11959.2 | DP10: 11995.1 | DQ10: 12031.1 | DR10: 12067.3 | DS10: 12103.7 | DT10: 12140.2 | DU10: 12176.9 | DV10: 12213.8 | DW10: 12250.8 | DX10: 12288 | DY10: 12325.4 | DZ10: 12362.9 | EA10: 12400.6 | EB10: 12438.5 | EC10: 12476.5 | ED10: 12514.6 | EE10: 12552.9 | EF10: 12591.4 | EG10: 12630 | EH10: 12668.7 | EI10: 12707.6 | EJ10: 12746.6 | EK10: 12785.8 | EL10: 12825.1 | EM10: 12864.6 | EN10: 12904.2 | EO10: 12943.9 | EP10: 12983.8 | EQ10: 13023.8 | ER10: 13064 | ES10: 13104.2 | ET10: 13144.6 | EU10: 13185.2 | EV10: 13225.8 | EW10: 13266.6 | EX10: 13307.5 | EY10: 13348.6 | EZ10: 13389.8 | FA10: 13431 | FB10: 13472.4 | FC10: 13514 | FD10: 13555.6 | FE10: 13597.4 | FF10: 13639.3 | FG10: 13681.3 | FH10: 13723.4 | FI10: 13765.6 | FJ10: 13807.9 | FK10: 13850.4 | FL10: 13865.4 | FM10: 13879.6 | FN10: 13921.3 | FO10: 13962.3 | FP10: 14002.5 | FQ10: 14042.1 | FR10: 14081 | FS10: 14119.9 | FT10: 14158.8 | FU10: 14197.7 | FV10: 14236.6 | FW10: 14275.4 | FX10: 14314.3 | FY10: 14353.2 | FZ10: 14392.1 | GA10: 14431 | GB10: 14469.9 | GC10: 14508.8 | GD10: 14547.7 | GE10: 14586.6 | GF10: 14625.4 | GG10: 14664.3 | GH10: 14703.2 | GI10: 14742.1 | GJ10: 14781 | GK10: 14819.9 | GL10: 14858.8 | GM10: 14897.7 | GN10: 14936.6 | GO10: 14975.4 | GP10: 15014.3 | GQ10: 15053.2 | GR10: 15092.1 | GS10: 15131 | GT10: 15169.9 | GU10: 15208.8 | GV10: 15247.7 | GW10: 15286.6 | GX10: 15325.4 | GY10: 15364.3 | GZ10: 15403.2 | HA10: 15442.1 | HB10: 15481 | HC10: 15519.9 | HD10: 15558.8 | HE10: 15597.7 | HF10: 15636.6 | HG10: 15675.4 | HH10: 15714.3 | HI10: 15753.2 | HJ10: 15792.1 | HK10: 15831 | HL10: 15869.9 | HM10: 15908.8 | HN10: 15947.7 | HO10: 15986.6 | HP10: 16025.4 | HQ10: 16064.3 | HR10: 16103.2 | HS10: 16142.1 | HT10: 16181 | HU10: 16219.9 | HV10: 16258.8 | HW10: 16297.7 | HX10: 16336.6 | HY10: 16375.4 | HZ10: 16414.3 | IA10: 16453.2 | IB10: 16492.1 | IC10: 16531 | ID10: 16569.9 | IE10: 16608.8 | IF10: 16647.7 | IG10: 16686.6 | IH10: 16725.4 | II10: 16764.3 | IJ10: 16803.2 | IK10: 16842.1 | IL10: 16881 | IM10: 16919.9 | IN10: 16958.8 | IO10: 16997.7 | IP10: 17036.6 | IQ10: 17075.4 | IR10: 17114.3 | IS10: 17153.2 | IT10: 17192.1 | IU10: 17231 | IV10: 17269.9 | IW10: 17308.8 | IX10: 17347.7 | IY10: 17386.6 | IZ10: 17425.4 | JA10: 17464.3 | JB10: 17503.2 | JC10: 17542.1 | JD10: 17581 | JE10: 17619.9 | JF10: 17658.8 | JG10: 17697.7 | JH10: 17736.6 | JI10: 17775.4 | JJ10: 17814.3 | JK10: 17853.2 | JL10: 17892.1 | JM10: 17931 | JN10: 17969.9 | JO10: 18008.8 | JP10: 18047.7 | JQ10: 18086.6 | JR10: 18125.4 | JS10: 18164.3 | JT10: 18203.2 | JU10: 18242.1 | JV10: 18281 | JW10: 18319.9 | JX10: 18358.8 | JY10: 18397.7 | JZ10: 18436.6 | KA10: 18475.4 | KB10: 18514.3 | KC10: 18553.2 | KD10: 18592.1 | KE10: 18631 | KF10: 18669.9 | KG10: 18708.8 | KH10: 18747.7 | KI10: 18786.6 | KJ10: 18825.4 | KK10: 18864.3 | KL10: 18903.2 | KM10: 18942.1 | KN10: 18981 | KO10: 19019.9 | KP10: 19058.8 | KQ10: 19097.7 | KR10: 19136.6 | KS10: 19175.4 | KT10: 19214.3 | KU10: 19253.2 | KV10: 19292.1 | KW10: 19331 | KX10: 19369.9 | KY10: 19408.8 | KZ10: 19447.7 | LA10: 19486.6 | LB10: 19525.4 | LC10: 19564.3 | LD10: 19603.2 | LE10: 19642.1 | LF10: 19681 | LG10: 19719.9 | LH10: 19758.8 | LI10: 19797.7 | LJ10: 19836.6 | LK10: 19875.4 | LL10: 19914.3 | LM10: 19953.2 | LN10: 19992.1 | LO10: 20031 | LP10: 20069.9 | LQ10: 20108.8 | LR10: 20147.7 | LS10: 20186.6 | LT10: 20225.4 | LU10: 20264.3 | LV10: 20303.2 | LW10: 20342.1 | LX10: 20381 | LY10: 20419.9 | LZ10: 20458.8 | MA10: 20497.7 | MB10: 20536.6 | MC10: 20575.4 | MD10: 20614.3 | ME10: 20653.2 | MF10: 20692.1 | MG10: 20731 | MH10: 20769.9 | MI10: 20808.8 | MJ10: 20847.7 | MK10: 20886.6 | ML10: 20925.4 | MM10: 20964.3 | MN10: 21003.2 | MO10: 21042.1 | MP10: 21081 | MQ10: 21119.9 | MR10: 21158.8 | MS10: 21197.7 | MT10: 21236.6 | MU10: 21275.4 | MV10: 21314.3 | MW10: 21353.2 | MX10: 21392.1 | MY10: 21431 | MZ10: 21469.9 | NA10: 21508.8 | NB10: 21547.7 | NC10: 21586.6 | ND10: 21625.4 | NE10: 21664.3 | NF10: 21703.2 | NG10: 21742.1 | NH10: 21781 | NI10: 21819.9 | NJ10: 21858.8 | NK10: 21897.7 | NL10: 21936.6 | NM10: 21975.4 | NN10: 22014.3 | NO10: 22053.2 | NP10: 22092.1 | NQ10: 22131 | NR10: 22169.9 | NS10: 22208.8 | NT10: 22247.7 | NU10: 22286.6 | NV10: 22325.4 | NW10: 22364.3 | NX10: 22403.2 | NY10: 22442.1 | NZ10: 22481 | OA10: 22519.9 | OB10: 22558.8 | OC10: 22597.7 | OD10: 22636.6 | OE10: 22675.4 | OF10: 22714.3 | OG10: 22753.2 | OH10: 22792.1 | OI10: 22831 | OJ10: 22869.9 | OK10: 22908.8 | OL10: 22947.7 | OM10: 22986.6 | ON10: 23025.4 | OO10: 23064.3 | OP10: 23103.2 | OQ10: 23142.1 | OR10: 23181 | OS10: 23219.9 | OT10: 23258.8 | OU10: 23297.7 | OV10: 23336.6 | OW10: 23375.4 | OX10: 23414.3 | OY10: 23453.2 | OZ10: 23492.1 | PA10: 23531 | PB10: 23569.9 | PC10: 23608.8 | PD10: 23647.7 | PE10: 23686.6 | PF10: 23725.4 | PG10: 23764.3 | PH10: 23803.2 | PI10: 23842.1 | PJ10: 23881 | PK10: 23919.9 | PL10: 23958.8 | PM10: 23997.7 | PN10: 24036.6 | PO10: 24075.4 | PP10: 24114.3 | PQ10: 24153.2 | PR10: 24192.1 | PS10: 24231 | PT10: 24269.9 | PU10: 24308.8 | PV10: 24347.7 | PW10: 24386.6 | PX10: 24425.4 | PY10: 24464.3 | PZ10: 24503.2 | QA10: 24542.1 | QB10: 24581 | QC10: 24619.9 | QD10: 24658.8 | QE10: 24697.7 | QF10: 24736.6 | QG10: 24775.4 | QH10: 24814.3 | QI10: 24853.2 | QJ10: 24892.1 | QK10: 24931 | QL10: 24969.9 | QM10: 25008.8 | QN10: 25047.7 | QO10: 25086.6 | QP10: 25125.4 | QQ10: 25164.3 | QR10: 25203.2 | QS10: 25242.1 | QT10: 25281 | QU10: 25319.9 | QV10: 25358.8 | QW10: 25397.7 | QX10: 25436.6 | QY10: 25475.4 | QZ10: 25514.3 | RA10: 25553.2 | RB10: 25592.1 | RC10: 25631 | RD10: 25669.9 | RE10: 25708.8 | RF10: 25747.7 | RG10: 25786.6 | RH10: 25825.4 | RI10: 25864.3 | RJ10: 25903.2 | RK10: 25942.1 | RL10: 25981 | RM10: 26019.9 | RN10: 26058.8 | RO10: 26097.7 | RP10: 26136.6 | RQ10: 26175.4 | RR10: 26214.3 | RS10: 26253.2 | RT10: 26292.1 | RU10: 26331 | RV10: 26369.9 | RW10: 26408.8 | RX10: 26447.7 | RY10: 26486.6 | RZ10: 26525.4 | SA10: 26564.3 | SB10: 26603.2 | SC10: 26642.1 | SD10: 26681 | SE10: 26719.9 | SF10: 26758.8 | SG10: 26797.7 | SH10: 26836.6 | SI10: 26875.4 | SJ10: 26877.3 | SK10: 26905.5 | SL10: 26943.3 | SM10: 26980.5 | SN10: 27017 | SO10: 27052.8 | SP10: 27087.9 | SQ10: 27122.3 | SR10: 27156.1 | SS10: 27189.2 | ST10: 27221.6 | SU10: 27253.4 | SV10: 27284.5 | SW10: 27314.9 | SX10: 27344.7 | SY10: 27373.8 | SZ10: 27402.2 | TA10: 27430 | TB10: 27457.8 | TC10: 27485.6 | TD10: 27513.3 | TE10: 27541.1 | TF10: 27568.9 | TG10: 27596.7 | TH10: 27624.4 | TI10: 27652.2 | TJ10: 27680 | TK10: 27707.8 | TL10: 27735.6 | TM10: 27763.3 | TN10: 27791.1 | TO10: 27818.9 | TP10: 27846.7 | TQ10: 27874.4 | TR10: 27902.2 | TS10: 27930 | TT10: 27957.8 | TU10: 27985.6 | TV10: 28013.3 | TW10: 28041.1 | TX10: 28068.9 | TY10: 28096.7 | TZ10: 28124.4 | UA10: 28152.2 | UB10: 28180 | UC10: 28207.8 | UD10: 28235.6 | UE10: 28263.3 | UF10: 28291.1 | UG10: 28318.9 | UH10: 28346.7 | UI10: 28374.4 | UJ10: 28402.2 | UK10: 28430 | UL10: 28457.8 | UM10: 28485.6 | UN10: 28513.3 | UO10: 28541.1 | UP10: 28568.9 | UQ10: 28596.7 | UR10: 28624.4 | US10: 28652.2 | UT10: 28680 | UU10: 28707.8 | UV10: 28735.6 | UW10: 28763.3 | UX10: 28791.1 | UY10: 28818.9 | UZ10: 28846.7 | VA10: 28874.4 | VB10: 28902.2 | VC10: 28930 | VD10: 28957.8 | VE10: 28985.6 | VF10: 29013.3 | VG10: 29041.1 | VH10: 29068.9 | VI10: 29096.7 | VJ10: 29124.4 | VK10: 29152.2 | VL10: 29180 | VM10: 29207.8 | VN10: 29235.6 | VO10: 29263.3 | VP10: 29291.1 | VQ10: 29318.9 | VR10: 29346.7 | VS10: 29374.4 | VT10: 29402.2 | VU10: 29430 | VV10: 29457.8 | VW10: 29485.6 | VX10: 29513.3 | VY10: 29541.1 | VZ10: 29568.9 | WA10: 29596.7 | WB10: 29624.4 | WC10: 29652.2 | WD10: 29680 | WE10: 29707.8 | WF10: 29735.6 | WG10: 29763.3 | WH10: 29791.1 | WI10: 29818.9 | WJ10: 29846.7 | WK10: 29874.4 | WL10: 29902.2 | WM10: 29930 | WN10: 29957.8 | WO10: 29985.6 | WP10: 30013.3 | WQ10: 30041.1 | WR10: 30068.9 | WS10: 30096.7 | WT10: 30124.4 | WU10: 30152.2 | WV10: 30180 | WW10: 30207.8 | WX10: 30235.6 | WY10: 30263.3 | WZ10: 30291.1 | XA10: 30318.9 | XB10: 30346.7 | XC10: 30374.4 | XD10: 30402.2 | XE10: 30430 | XF10: 30457.8 | XG10: 30485.6 | XH10: 30513.3 | XI10: 30541.1 | XJ10: 30568.9 | XK10: 30596.7 | XL10: 30624.4 | XM10: 30652.2 | XN10: 30680 | XO10: 30707.8 | XP10: 30735.6 | XQ10: 30763.3 | XR10: 30791.1 | XS10: 30818.9 | XT10: 30846.7 | XU10: 30874.4 | XV10: 30902.2 | XW10: 30930 | XX10: 30957.8 | XY10: 30985.6 | XZ10: 31013.3 | YA10: 31041.1 | YB10: 31068.9 | YC10: 31096.7 | YD10: 31124.4 | YE10: 31152.2 | YF10: 31180 | YG10: 31207.8 | YH10: 31235.6 | YI10: 31263.3 | YJ10: 31291.1 | YK10: 31318.9 | YL10: 31346.7 | YM10: 31374.4 | YN10: 31402.2 | YO10: 31430 | YP10: 31457.8 | YQ10: 31485.6 | YR10: 31513.3 | YS10: 31541.1 | YT10: 31568.9 | YU10: 31596.7 | YV10: 31624.4 | YW10: 31652.2 | YX10: 31680 | YY10: 31707.8 | YZ10: 31735.6 | ZA10: 31763.3 | ZB10: 31791.1 | ZC10: 31818.9 | ZD10: 31846.7 | ZE10: 31874.4 | ZF10: 31902.2 | ZG10: 31930 | ZH10: 31957.8 | ZI10: 31985.6 | ZJ10: 32013.3 | ZK10: 32041.1 | ZL10: 32068.9 | ZM10: 32096.7 | ZN10: 32124.4 | ZO10: 32152.2 | ZP10: 32180 | ZQ10: 32207.8 | ZR10: 32235.6 | ZS10: 32263.3 | ZT10: 32291.1 | ZU10: 32318.9 | ZV10: 32346.7 | ZW10: 32374.4 | ZX10: 32402.2 | ZY10: 32430 | ZZ10: 32457.8 | AAA10: 32485.6 | AAB10: 32513.3 | AAC10: 32541.1 | AAD10: 32568.9 | AAE10: 32596.7 | AAF10: 32624.4 | AAG10: 32652.2 | AAH10: 32680 | AAI10: 32707.8 | AAJ10: 32735.6 | AAK10: 32763.3 | AAL10: 32791.1 | AAM10: 32818.9 | AAN10: 32846.7 | AAO10: 32874.4 | AAP10: 32902.2 | AAQ10: 32930 | AAR10: 32946.7 | AAS10: 32951.1 | AAT10: 32978.1 | AAU10: 33004.5 | AAV10: 33030.2 | AAW10: 33055.2 | AAX10: 33079.6 | AAY10: 33103.4 | AAZ10: 33126.5 | ABA10: 33148.9 | ABB10: 33170.7 | ABC10: 33191.9 | ABD10: 33212.4 | ABE10: 33232.3 | ABF10: 33251.5 | ABG10: 33270.1 | ABH10: 33288 | ABI10: 33305.3 | ABJ10: 33322 | ABK10: 33338.7 | ABL10: 33355.3 | ABM10: 33372 | ABN10: 33388.7 | ABO10: 33405.3 | ABP10: 33422 | ABQ10: 33438.7 | ABR10: 33455.3 | ABS10: 33472 | ABT10: 33488.7 | ABU10: 33505.3 | ABV10: 33522.4 | ABW10: 33539.7 | ABX10: 33557.4 | ABY10: 33575.5 | ABZ10: 33593.9 | ACA10: 33612.6 | ACB10: 33631.7 | ACC10: 33651.1 | ACD10: 33670.9 | ACE10: 33690.9 | ACF10: 33711.3 | ACG10: 33732.1 | ACH10: 33753.1 | ACI10: 33774.5 | ACJ10: 33796.2 | ACK10: 33818.2 | ACL10: 33840.6 | ACM10: 33863.2 | ACN10: 33886.2 | ACO10: 33909.4 | ACP10: 33933 | ACQ10: 33956.9 | ACR10: 33981.1 | ACS10: 34005.5 | ACT10: 34030.3 | ACU10: 34055.4 | ACV10: 34080.8 | ACW10: 34106.4 | ACX10: 34132.4 | ACY10: 34158.6 | ACZ10: 34185.2 | ADA10: 34212 | ADB10: 34239.1 | ADC10: 34266.5 | ADD10: 34294.1 | ADE10: 34322.1 | ADF10: 34350.3 | ADG10: 34378.7 | ADH10: 34407.5 | ADI10: 34436.4 | ADJ10: 34465.7 | ADK10: 34495.1 | ADL10: 34524.9 | ADM10: 34554.8 | ADN10: 34585.1 | ADO10: 34615.5 | ADP10: 34646.2 | ADQ10: 34677.1 | ADR10: 34708.3 | ADS10: 34739.6 | ADT10: 34771.2 | ADU10: 34803.1 | ADV10: 34835.1 | ADW10: 34867.4 | ADX10: 34899.8 | ADY10: 34932.5 | ADZ10: 34965.4 | AEA10: 34998.5 | AEB10: 35031.8 | AEC10: 35065.4 | AED10: 35099.1 | AEE10: 35133 | AEF10: 35167.1 | AEG10: 35201.4 | AEH10: 35235.9 | AEI10: 35270.6 | AEJ10: 35305.5 | AEK10: 35340.5 | AEL10: 35375.8 | AEM10: 35411.2 | AEN10: 35446.8 | AEO10: 35482.6 | AEP10: 35518.6 | AEQ10: 35554.7 | AER10: 35591 | AES10: 35627.5 | AET10: 35664.1 | AEU10: 35701 | AEV10: 35737.9 | AEW10: 35775.1 | AEX10: 35812.4 | AEY10: 35849.9 | AEZ10: 35887.5 | AFA10: 35925.3 | AFB10: 35963.2 | AFC10: 36001.3 | AFD10: 36039.6 | AFE10: 36078 | AFF10: 36116.5 | AFG10: 36155.2 | AFH10: 36167.7 | AFI10: 36206.6 | AFJ10: 36245.5 | AFK10: 36284.3 | AFL10: 36323.2 | AFM10: 36362.1 | AFN10: 36401 | AFO10: 36439.9 | AFP10: 36478.8 | AFQ10: 36517.7 | AFR10: 36556.6 | AFS10: 36595.5 | AFT10: 36634.3 | AFU10: 36673.2 | AFV10: 36712.1 | AFW10: 36751 | AFX10: 36789.9 | AFY10: 36828.8 | AFZ10: 36867.7 | AGA10: 36906.6 | AGB10: 36945.5 | AGC10: 36984.3 | AGD10: 37023.2 | AGE10: 37062.1 | AGF10: 37101 | AGG10: 37139.9 | AGH10: 37178.8 | AGI10: 37217.7 | AGJ10: 37256.6 | AGK10: 37295.5 | AGL10: 37334.3 | AGM10: 37373.2 | AGN10: 37412.1 | AGO10: 37451 | AGP10: 37489.9 | AGQ10: 37528.8 | AGR10: 37567.7 | AGS10: 37606.6 | AGT10: 37645.5 | AGU10: 37684.3 | AGV10: 37723.2 | AGW10: 37762.1 | AGX10: 37801 | AGY10: 37839.9 | AGZ10: 37878.8 | AHA10: 37917.7 | AHB10: 37956.6 | AHC10: 37995.5 | AHD10: 38034.3 | AHE10: 38073.2 | AHF10: 38112.1 | AHG10: 38151 | AHH10: 38189.9 | AHI10: 38228.8 | AHJ10: 38267.7 | AHK10: 38306.6 | AHL10: 38345.5 | AHM10: 38384.3 | AHN10: 38423.2 | AHO10: 38462.1 | AHP10: 38501 | AHQ10: 38539.9 | AHR10: 38578.8 | AHS10: 38617.7 | AHT10: 38656.6 | AHU10: 38695.5 | AHV10: 38734.3 | AHW10: 38773.2 | AHX10: 38812.1 | AHY10: 38851 | AHZ10: 38889.9 | AIA10: 38928.8 | AIB10: 38967.7 | AIC10: 39006.6 | AID10: 39045.5 | AIE10: 39084.3 | AIF10: 39123.2 | AIG10: 39162.1 | AIH10: 39201 | AII10: 39239.9 | AIJ10: 39278.8 | AIK10: 39317.7 | AIL10: 39356.6 | AIM10: 39395.5 | AIN10: 39434.3 | AIO10: 39473.2 | AIP10: 39512.1 | AIQ10: 39551 | AIR10: 39589.9 | AIS10: 39628.8 | AIT10: 39667.7 | AIU10: 39706.6 | AIV10: 39745.5 | AIW10: 39784.3 | AIX10: 39823.2 | AIY10: 39862.1 | AIZ10: 39901 | AJA10: 39939.9 | AJB10: 39978.8 | AJC10: 40017.7 | AJD10: 40056.6 | AJE10: 40095.5 | AJF10: 40134.3 | AJG10: 40173.2 | AJH10: 40212.1 | AJI10: 40251 | AJJ10: 40289.9 | AJK10: 40328.8 | AJL10: 40367.7 | AJM10: 40406.6 | AJN10: 40445.5 | AJO10: 40484.3 | AJP10: 40523.2 | AJQ10: 40562.1 | AJR10: 40601 | AJS10: 40639.9 | AJT10: 40678.8 | AJU10: 40717.7 | AJV10: 40756.6 | AJW10: 40795.5 | AJX10: 40834.3 | AJY10: 40873.2 | AJZ10: 40912.1 | AKA10: 40951 | AKB10: 40989.9 | AKC10: 41028.8 | AKD10: 41067.7 | AKE10: 41106.6 | AKF10: 41145.5 | AKG10: 41184.3 | AKH10: 41223.2 | AKI10: 41262.1 | AKJ10: 41301 | AKK10: 41339.9 | AKL10: 41378.8 | AKM10: 41417.7 | AKN10: 41456.6 | AKO10: 41495.5 | AKP10: 41534.3 | AKQ10: 41573.2 | AKR10: 41612.1 | AKS10: 41651 | AKT10: 41689.9 | AKU10: 41728.8 | AKV10: 41767.7 | AKW10: 41806.6 | AKX10: 41845.5 | AKY10: 41884.3 | AKZ10: 41923.2 | ALA10: 41962.1 | ALB10: 42001 | ALC10: 42039.9 | ALD10: 42078.8 | ALE10: 42117.7 | ALF10: 42156.6 | ALG10: 42195.5 | ALH10: 42234.3 | ALI10: 42273.2 | ALJ10: 42312.1 | ALK10: 42351 | ALL10: 42389.9 | ALM10: 42428.8 | ALN10: 42467.7 | ALO10: 42506.6 | ALP10: 42545.5
A11: 8971-1 | B11: 0 | C11: 0 | D11: A | E11: 9636 | F11: 9636 | G11: 9636 | H11: 9636 | I11: 9636 | J11: 9636 | K11: 9636 | L11: 9636 | M11: 9636 | N11: 9636 | O11: 9636 | P11: 9636 | Q11: 9636 | R11: 9636 | S11: 9636 | T11: 9636 | U11: 9636 | V11: 9636 | W11: 9636 | X11: 9636 | Y11: 9636 | Z11: 9636 | AA11: 9636 | AB11: 9636 | AC11: 9636 | AD11: 9636 | AE11: 9636 | AF11: 9636 | AG11: 9636 | AH11: 9636 | AI11: 9636 | AJ11: 9636 | AK11: 9636 | AL11: 9636 | AM11: 9636 | AN11: 9636 | AO11: 9636 | AP11: 9636 | AQ11: 9636 | AR11: 9636 | AS11: 9636 | AT11: 9636 | AU11: 9636 | AV11: 9636 | AW11: 9636 | AX11: 9636 | AY11: 9636 | AZ11: 9636 | BA11: 9636 | BB11: 9636 | BC11: 9636 | BD11: 9636 | BE11: 9636 | BF11: 9636 | BG11: 9636 | BH11: 9636 | BI11: 9636 | BJ11: 9636 | BK11: 9636 | BL11: 9636 | BM11: 9636 | BN11: 9636 | BO11: 9636 | BP11: 9636 | BQ11: 9636 | BR11: 9636 | BS11: 9636 | BT11: 9636 | BU11: 9636 | BV11: 9636 | BW11: 9636 | BX11: 9636 | BY11: 9636 | BZ11: 9636 | CA11: 9636 | CB11: 9636 | CC11: 9636 | CD11: 9636 | CE11: 9636 | CF11: 9636 | CG11: 9636 | CH11: 9636 | CI11: 9636 | CJ11: 9636 | CK11: 9636 | CL11: 9636 | CM11: 9636 | CN11: 9636 | CO11: 9636 | CP11: 9636 | CQ11: 9636 | CR11: 9636 | CS11: 9636 | CT11: 9636 | CU11: 9636 | CV11: 9636 | CW11: 9636 | CX11: 9636 | CY11: 9636 | CZ11: 9636 | DA11: 9636 | DB11: 9636 | DC11: 9636 | DD11: 9636 | DE11: 9636 | DF11: 9636 | DG11: 9636 | DH11: 9636 | DI11: 9636 | DJ11: 9636 | DK11: 9636 | DL11: 9636 | DM11: 9636 | DN11: 9636 | DO11: 9636 | DP11: 9636 | DQ11: 9636 | DR11: 9636 | DS11: 9636 | DT11: 9636 | DU11: 9636 | DV11: 9636.44 | DW11: 9637.33 | DX11: 9638.66 | DY11: 9640.44 | DZ11: 9642.66 | EA11: 9645.32 | EB11: 9648.42 | EC11: 9651.97 | ED11: 9655.96 | EE11: 9660.39 | EF11: 9665.27 | EG11: 9670.58 | EH11: 9676.34 | EI11: 9682.53 | EJ11: 9689.17 | EK11: 9696.25 | EL11: 9703.77 | EM11: 9711.72 | EN11: 9720.12 | EO11: 9728.95 | EP11: 9738.22 | EQ11: 9747.93 | ER11: 9758.08 | ES11: 9768.66 | ET11: 9779.68 | EU11: 9791.14 | EV11: 9803.03 | EW11: 9815.35 | EX11: 9828.1 | EY11: 9841.27 | EZ11: 9854.86 | FA11: 9868.87 | FB11: 9883.3 | FC11: 9898.13 | FD11: 9913.38 | FE11: 9929.03 | FF11: 9945.08 | FG11: 9961.53 | FH11: 9978.37 | FI11: 9995.61 | FJ11: 10013.2 | FK11: 10031.2 | FL11: 10049.6 | FM11: 10068.4 | FN11: 10087.6 | FO11: 10107.1 | FP11: 10127 | FQ11: 10147.3 | FR11: 10167.9 | FS11: 10188.9 | FT11: 10210.2 | FU11: 10231.9 | FV11: 10254 | FW11: 10276.4 | FX11: 10299.2 | FY11: 10322.3 | FZ11: 10345.7 | GA11: 10369.5 | GB11: 10393.6 | GC11: 10418 | GD11: 10442.8 | GE11: 10467.9 | GF11: 10493.3 | GG11: 10519.1 | GH11: 10545.2 | GI11: 10571.5 | GJ11: 10598.2 | GK11: 10625.3 | GL11: 10652.6 | GM11: 10680.2 | GN11: 10708.1 | GO11: 10736.3 | GP11: 10764.9 | GQ11: 10793.7 | GR11: 10822.8 | GS11: 10852.2 | GT11: 10881.9 | GU11: 10911.8 | GV11: 10942.1 | GW11: 10972.6 | GX11: 11003.4 | GY11: 11034.5 | GZ11: 11065.9 | HA11: 11097.5 | HB11: 11129.4 | HC11: 11161.5 | HD11: 11193.9 | HE11: 11226.6 | HF11: 11259.5 | HG11: 11292.7 | HH11: 11326.2 | HI11: 11359.9 | HJ11: 11393.8 | HK11: 11428 | HL11: 11462.4 | HM11: 11497.1 | HN11: 11532 | HO11: 11567.2 | HP11: 11602.6 | HQ11: 11638.2 | HR11: 11674 | HS11: 11710.1 | HT11: 11746.4 | HU11: 11782.9 | HV11: 11819.7 | HW11: 11856.6 | HX11: 11893.8 | HY11: 11931.2 | HZ11: 11968.8 | IA11: 12006.7 | IB11: 12044.7 | IC11: 12082.9 | ID11: 12121.4 | IE11: 12160 | IF11: 12198.8 | IG11: 12237.8 | IH11: 12277 | II11: 12316.5 | IJ11: 12356 | IK11: 12395.8 | IL11: 12435.8 | IM11: 12476 | IN11: 12516.3 | IO11: 12556.8 | IP11: 12597.5 | IQ11: 12638.4 | IR11: 12679.4 | IS11: 12720.6 | IT11: 12762 | IU11: 12803.6 | IV11: 12845.3 | IW11: 12887.2 | IX11: 12929.2 | IY11: 12971.5 | IZ11: 13013.8 | JA11: 13056.4 | JB11: 13099.1 | JC11: 13141.9 | JD11: 13184.9 | JE11: 13228.1 | JF11: 13271.4 | JG11: 13314.9 | JH11: 13358.5 | JI11: 13402.3 | JJ11: 13446.2 | JK11: 13490.3 | JL11: 13534.5 | JM11: 13565.2 | JN11: 13609.6 | JO11: 13654.1 | JP11: 13698.5 | JQ11: 13743 | JR11: 13755.9 | JS11: 13794 | JT11: 13837.2 | JU11: 13879.6 | JV11: 13921.2 | JW11: 13962.2 | JX11: 14002.5 | JY11: 14042.1 | JZ11: 14081 | KA11: 14119.9 | KB11: 14158.8 | KC11: 14197.7 | KD11: 14236.6 | KE11: 14275.4 | KF11: 14314.3 | KG11: 14353.2 | KH11: 14392.1 | KI11: 14431 | KJ11: 14469.9 | KK11: 14508.8 | KL11: 14547.7 | KM11: 14586.6 | KN11: 14625.4 | KO11: 14664.3 | KP11: 14703.2 | KQ11: 14742.1 | KR11: 14781 | KS11: 14819.9 | KT11: 14858.8 | KU11: 14897.7 | KV11: 14936.6 | KW11: 14975.4 | KX11: 15014.3 | KY11: 15053.2 | KZ11: 15092.1 | LA11: 15131 | LB11: 15169.9 | LC11: 15208.8 | LD11: 15247.7 | LE11: 15286.6 | LF11: 15325.4 | LG11: 15364.3 | LH11: 15403.2 | LI11: 15442.1 | LJ11: 15481 | LK11: 15519.9 | LL11: 15558.8 | LM11: 15597.7 | LN11: 15636.6 | LO11: 15675.4 | LP11: 15714.3 | LQ11: 15753.2 | LR11: 15792.1 | LS11: 15831 | LT11: 15869.9 | LU11: 15908.8 | LV11: 15947.7 | LW11: 15986.6 | LX11: 16025.4 | LY11: 16064.3 | LZ11: 16103.2 | MA11: 16142.1 | MB11: 16181 | MC11: 16219.9 | MD11: 16258.8 | ME11: 16297.7 | MF11: 16336.6 | MG11: 16375.4 | MH11: 16414.3 | MI11: 16453.2 | MJ11: 16492.1 | MK11: 16531 | ML11: 16569.9 | MM11: 16608.8 | MN11: 16647.7 | MO11: 16686.6 | MP11: 16725.4 | MQ11: 16764.3 | MR11: 16803.2 | MS11: 16842.1 | MT11: 16881 | MU11: 16919.9 | MV11: 16958.8 | MW11: 16997.7 | MX11: 17036.6 | MY11: 17075.4 | MZ11: 17114.3 | NA11: 17153.2 | NB11: 17192.1 | NC11: 17231 | ND11: 17269.9 | NE11: 17308.8 | NF11: 17347.7 | NG11: 17386.6 | NH11: 17425.4 | NI11: 17464.3 | NJ11: 17503.2 | NK11: 17542.1 | NL11: 17581 | NM11: 17619.9 | NN11: 17658.8 | NO11: 17697.7 | NP11: 17736.6 | NQ11: 17775.4 | NR11: 17814.3 | NS11: 17853.2 | NT11: 17892.1 | NU11: 17931 | NV11: 17969.9 | NW11: 18008.8 | NX11: 18047.7 | NY11: 18086.6 | NZ11: 18125.4 | OA11: 18164.3 | OB11: 18203.2 | OC11: 18242.1 | OD11: 18281 | OE11: 18319.9 | OF11: 18358.8 | OG11: 18397.7 | OH11: 18436.6 | OI11: 18475.4 | OJ11: 18514.3 | OK11: 18553.2 | OL11: 18592.1 | OM11: 18631 | ON11: 18669.9 | OO11: 18708.8 | OP11: 18747.7 | OQ11: 18786.6 | OR11: 18825.4 | OS11: 18864.3 | OT11: 18903.2 | OU11: 18942.1 | OV11: 18981 | OW11: 19019.9 | OX11: 19058.8 | OY11: 19097.7 | OZ11: 19136.6 | PA11: 19175.4 | PB11: 19214.3 | PC11: 19253.2 | PD11: 19292.1 | PE11: 19331 | PF11: 19369.9 | PG11: 19408.8 | PH11: 19447.7 | PI11: 19486.6 | PJ11: 19525.4 | PK11: 19564.3 | PL11: 19603.2 | PM11: 19642.1 | PN11: 19681 | PO11: 19719.9 | PP11: 19758.8 | PQ11: 19797.7 | PR11: 19836.6 | PS11: 19875.4 | PT11: 19914.3 | PU11: 19953.2 | PV11: 19992.1 | PW11: 20031 | PX11: 20069.9 | PY11: 20108.8 | PZ11: 20147.7 | QA11: 20186.6 | QB11: 20225.4 | QC11: 20264.3 | QD11: 20303.2 | QE11: 20342.1 | QF11: 20381 | QG11: 20419.9 | QH11: 20458.8 | QI11: 20497.7 | QJ11: 20536.6 | QK11: 20575.4 | QL11: 20614.3 | QM11: 20653.2 | QN11: 20692.1 | QO11: 20731 | QP11: 20769.9 | QQ11: 20808.8 | QR11: 20847.7 | QS11: 20886.6 | QT11: 20925.4 | QU11: 20964.3 | QV11: 21003.2 | QW11: 21042.1 | QX11: 21081 | QY11: 21119.9 | QZ11: 21158.8 | RA11: 21197.7 | RB11: 21236.6 | RC11: 21275.4 | RD11: 21314.3 | RE11: 21353.2 | RF11: 21392.1 | RG11: 21431 | RH11: 21469.9 | RI11: 21508.8 | RJ11: 21547.7 | RK11: 21586.6 | RL11: 21625.4 | RM11: 21664.3 | RN11: 21703.2 | RO11: 21742.1 | RP11: 21781 | RQ11: 21819.9 | RR11: 21858.8 | RS11: 21897.7 | RT11: 21936.6 | RU11: 21975.4 | RV11: 22014.3 | RW11: 22053.2 | RX11: 22092.1 | RY11: 22131 | RZ11: 22169.9 | SA11: 22208.8 | SB11: 22247.7 | SC11: 22286.6 | SD11: 22325.4 | SE11: 22364.3 | SF11: 22403.2 | SG11: 22442.1 | SH11: 22481 | SI11: 22519.9 | SJ11: 22558.8 | SK11: 22597.7 | SL11: 22636.6 | SM11: 22675.4 | SN11: 22714.3 | SO11: 22753.2 | SP11: 22792.1 | SQ11: 22831 | SR11: 22869.9 | SS11: 22908.8 | ST11: 22947.7 | SU11: 22986.6 | SV11: 23025.4 | SW11: 23064.3 | SX11: 23103.2 | SY11: 23142.1 | SZ11: 23181 | TA11: 23219.9 | TB11: 23258.8 | TC11: 23297.7 | TD11: 23336.6 | TE11: 23375.4 | TF11: 23414.3 | TG11: 23453.2 | TH11: 23492.1 | TI11: 23531 | TJ11: 23569.9 | TK11: 23608.8 | TL11: 23647.7 | TM11: 23686.6 | TN11: 23725.4 | TO11: 23764.3 | TP11: 23803.2 | TQ11: 23842.1 | TR11: 23881 | TS11: 23919.9 | TT11: 23958.8 | TU11: 23997.7 | TV11: 24036.6 | TW11: 24075.4 | TX11: 24114.3 | TY11: 24153.2 | TZ11: 24192.1 | UA11: 24231 | UB11: 24269.9 | UC11: 24308.8 | UD11: 24347.7 | UE11: 24386.6 | UF11: 24425.4 | UG11: 24464.3 | UH11: 24503.2 | UI11: 24542.1 | UJ11: 24581 | UK11: 24619.9 | UL11: 24658.8 | UM11: 24697.7 | UN11: 24736.6 | UO11: 24775.4 | UP11: 24814.3 | UQ11: 24853.2 | UR11: 24892.1 | US11: 24931 | UT11: 24969.9 | UU11: 25008.8 | UV11: 25047.7 | UW11: 25086.6 | UX11: 25125.4 | UY11: 25164.3 | UZ11: 25203.2 | VA11: 25242.1 | VB11: 25281 | VC11: 25319.9 | VD11: 25358.8 | VE11: 25397.7 | VF11: 25436.6 | VG11: 25475.4 | VH11: 25514.3 | VI11: 25553.2 | VJ11: 25592.1 | VK11: 25631 | VL11: 25669.9 | VM11: 25708.8 | VN11: 25747.7 | VO11: 25786.6 | VP11: 25825.4 | VQ11: 25864.3 | VR11: 25903.2 | VS11: 25942.1 | VT11: 25981 | VU11: 26019.9 | VV11: 26058.8 | VW11: 26097.7 | VX11: 26136.6 | VY11: 26175.4 | VZ11: 26214.3 | WA11: 26253.2 | WB11: 26292.1 | WC11: 26331 | WD11: 26369.9 | WE11: 26408.8 | WF11: 26447.7 | WG11: 26486.6 | WH11: 26525.4 | WI11: 26564.3 | WJ11: 26603.2 | WK11: 26642.1 | WL11: 26681 | WM11: 26719.9 | WN11: 26758.8 | WO11: 26797.7 | WP11: 26836.6 | WQ11: 26875.4 | WR11: 26914.5 | WS11: 26953.8 | WT11: 26993.3 | WU11: 27032.9 | WV11: 27072.8 | WW11: 27112.8 | WX11: 27153 | WY11: 27193.4 | WZ11: 27234 | XA11: 27274.7 | XB11: 27315.6 | XC11: 27356.7 | XD11: 27398 | XE11: 27439.4 | XF11: 27481 | XG11: 27522.8 | XH11: 27564.8 | XI11: 27606.9 | XJ11: 27649.1 | XK11: 27691.6 | XL11: 27734.2 | XM11: 27776.9 | XN11: 27819.8 | XO11: 27862.9 | XP11: 27906.1 | XQ11: 27949.5 | XR11: 27993 | XS11: 28036.6 | XT11: 28080.5 | XU11: 28124.4 | XV11: 28168.5 | XW11: 28212.8 | XX11: 28257.2 | XY11: 28301.7 | XZ11: 28346.4 | YA11: 28391.2 | YB11: 28436.1 | YC11: 28481.2 | YD11: 28526.4 | YE11: 28571.8 | YF11: 28617.3 | YG11: 28662.9 | YH11: 28708.6 | YI11: 28754.5 | YJ11: 28800.5 | YK11: 28846.6 | YL11: 28892.9 | YM11: 28939.2 | YN11: 28985.7 | YO11: 29032.3 | YP11: 29079.1 | YQ11: 29125.9 | YR11: 29172.9 | YS11: 29220 | YT11: 29267.2 | YU11: 29314.5 | YV11: 29361.9 | YW11: 29409.5 | YX11: 29457.2 | YY11: 29504.9 | YZ11: 29552.8 | ZA11: 29600.8 | ZB11: 29648.9 | ZC11: 29697.1 | ZD11: 29745.4 | ZE11: 29793.8 | ZF11: 29842.3 | ZG11: 29890.9 | ZH11: 29939.7 | ZI11: 29988.5 | ZJ11: 30037.4 | ZK11: 30086.4 | ZL11: 30135.5 | ZM11: 30184.7 | ZN11: 30234.1 | ZO11: 30283.5 | ZP11: 30333 | ZQ11: 30382.6 | ZR11: 30432.3 | ZS11: 30482 | ZT11: 30531.9 | ZU11: 30581.9 | ZV11: 30631.9 | ZW11: 30682.1 | ZX11: 30732.3 | ZY11: 30782.6 | ZZ11: 30833 | AAA11: 30883.5 | AAB11: 30934.1 | AAC11: 30984.8 | AAD11: 31035.5 | AAE11: 31086.3 | AAF11: 31137.2 | AAG11: 31188.2 | AAH11: 31239.3 | AAI11: 31290.4 | AAJ11: 31341.7 | AAK11: 31393 | AAL11: 31444.4 | AAM11: 31495.8 | AAN11: 31547.4 | AAO11: 31599 | AAP11: 31650.7 | AAQ11: 31702.5 | AAR11: 31754.3 | AAS11: 31806.2 | AAT11: 31858.2 | AAU11: 31910.3 | AAV11: 31962.4 | AAW11: 32014.6 | AAX11: 32066.9 | AAY11: 32119.2 | AAZ11: 32171.6 | ABA11: 32224.1 | ABB11: 32276.6 | ABC11: 32329.2 | ABD11: 32381.9 | ABE11: 32434.7 | ABF11: 32487.5 | ABG11: 32540.3 | ABH11: 32593.3 | ABI11: 32646.3 | ABJ11: 32699.3 | ABK11: 32752.5 | ABL11: 32805.7 | ABM11: 32858.9 | ABN11: 32912.2 | ABO11: 32965.6 | ABP11: 33019 | ABQ11: 33072.5 | ABR11: 33126.1 | ABS11: 33179.7 | ABT11: 33233.4 | ABU11: 33287.1 | ABV11: 33340.9 | ABW11: 33394.7 | ABX11: 33448.6 | ABY11: 33502.6 | ABZ11: 33556.6 | ACA11: 33610.6 | ACB11: 33664.7 | ACC11: 33718.9 | ACD11: 33773.1 | ACE11: 33827.4 | ACF11: 33881.7 | ACG11: 33936.1 | ACH11: 33990.5 | ACI11: 34045 | ACJ11: 34099.6 | ACK11: 34154.1 | ACL11: 34208.8 | ACM11: 34263.4 | ACN11: 34318.2 | ACO11: 34373 | ACP11: 34427.8 | ACQ11: 34482.7 | ACR11: 34537.6 | ACS11: 34592.5 | ACT11: 34647.6 | ACU11: 34702.6 | ACV11: 34757.7 | ACW11: 34812.9 | ACX11: 34868.1 | ACY11: 34923.3 | ACZ11: 34978.6 | ADA11: 35033.9 | ADB11: 35089.3 | ADC11: 35144.7 | ADD11: 35200.2 | ADE11: 35255.7 | ADF11: 35311.2 | ADG11: 35366.8 | ADH11: 35422.4 | ADI11: 35478.1 | ADJ11: 35533.8 | ADK11: 35589.5 | ADL11: 35645.3 | ADM11: 35701.1 | ADN11: 35757 | ADO11: 35812.9 | ADP11: 35868.9 | ADQ11: 35924.8 | ADR11: 35980.9 | ADS11: 36036.9 | ADT11: 36093 | ADU11: 36149.1 | ADV11: 36205.3 | ADW11: 36261.5 | ADX11: 36317.7 | ADY11: 36374 | ADZ11: 36430.3 | AEA11: 36486.7 | AEB11: 36543.1 | AEC11: 36599.5 | AED11: 36655.9 | AEE11: 36712.4 | AEF11: 36768.9 | AEG11: 36825.5 | AEH11: 36882.1 | AEI11: 36938.7 | AEJ11: 36995.3 | AEK11: 37052 | AEL11: 37108.7 | AEM11: 37165.5 | AEN11: 37222.2 | AEO11: 37279.1 | AEP11: 37335.9 | AEQ11: 37392.8 | AER11: 37449.7 | AES11: 37506.6 | AET11: 37563.6 | AEU11: 37620.5 | AEV11: 37677.6 | AEW11: 37734.6 | AEX11: 37791.7 | AEY11: 37848.8 | AEZ11: 37905.9 | AFA11: 37963.1 | AFB11: 38020.3 | AFC11: 38077.5 | AFD11: 38134.8 | AFE11: 38192 | AFF11: 38249.4 | AFG11: 38306.7 | AFH11: 38364 | AFI11: 38421.4 | AFJ11: 38478.8 | AFK11: 38536.3 | AFL11: 38593.7 | AFM11: 38651.2 | AFN11: 38708.7 | AFO11: 38766.3 | AFP11: 38823.8 | AFQ11: 38881.4 | AFR11: 38939 | AFS11: 38996.7 | AFT11: 39054.3 | AFU11: 39112 | AFV11: 39169.7 | AFW11: 39227.5 | AFX11: 39285.2 | AFY11: 39343 | AFZ11: 39400.8 | AGA11: 39458.6 | AGB11: 39516.5 | AGC11: 39574.4 | AGD11: 39632.2 | AGE11: 39690.2 | AGF11: 39748.1 | AGG11: 39806.1 | AGH11: 39864 | AGI11: 39922 | AGJ11: 39980.1 | AGK11: 40038.1 | AGL11: 40096.2 | AGM11: 40154.3 | AGN11: 40212.4 | AGO11: 40270.5 | AGP11: 40328.7 | AGQ11: 40386.8 | AGR11: 40445 | AGS11: 40503.2 | AGT11: 40561.4 | AGU11: 40619.7 | AGV11: 40678 | AGW11: 40736.2 | AGX11: 40794.5 | AGY11: 40852.9 | AGZ11: 40911.2 | AHA11: 40969.6 | AHB11: 41027.9 | AHC11: 41086.3 | AHD11: 41144.8 | AHE11: 41203.2 | AHF11: 41261.6 | AHG11: 41320.1 | AHH11: 41378.6 | AHI11: 41437.1 | AHJ11: 41495.6 | AHK11: 41554.2 | AHL11: 41612.7 | AHM11: 41671.3 | AHN11: 41729.9 | AHO11: 41788.5 | AHP11: 41847.1 | AHQ11: 41905.7 | AHR11: 41964.4 | AHS11: 42023.1 | AHT11: 42081.7 | AHU11: 42140.4 | AHV11: 42199.2 | AHW11: 42257.9 | AHX11: 42316.6 | AHY11: 42375.4 | AHZ11: 42434.2 | AIA11: 42493 | AIB11: 42551.8 | AIC11: 42610.6 | AID11: 42669.4 | AIE11: 42728.3 | AIF11: 42787.2 | AIG11: 42846 | AIH11: 42904.9 | AII11: 42963.8 | AIJ11: 43022.8 | AIK11: 43081.7 | AIL11: 43140.6 | AIM11: 43199.6 | AIN11: 43258.6 | AIO11: 43317.6 | AIP11: 43376.6 | AIQ11: 43435.6 | AIR11: 43494.6 | AIS11: 43553.7 | AIT11: 43612.7 | AIU11: 43671.8 | AIV11: 43730.9 | AIW11: 43790 | AIX11: 43849.1 | AIY11: 43908.2 | AIZ11: 43967.3 | AJA11: 44026.5 | AJB11: 44085.6 | AJC11: 44144.8 | AJD11: 44204 | AJE11: 44263.1 | AJF11: 44322.3 | AJG11: 44381.6 | AJH11: 44440.8 | AJI11: 44500 | AJJ11: 44559.3 | AJK11: 44618.5 | AJL11: 44677.8 | AJM11: 44737.1 | AJN11: 44796.4 | AJO11: 44855.7 | AJP11: 44915 | AJQ11: 44974.3 | AJR11: 45033.6 | AJS11: 45093 | AJT11: 45152.3 | AJU11: 45211.7 | AJV11: 45271.1 | AJW11: 45330.5 | AJX11: 45389.9 | AJY11: 45449.3 | AJZ11: 45508.7 | AKA11: 45568.1 | AKB11: 45627.6 | AKC11: 45687 | AKD11: 45746.5 | AKE11: 45805.9 | AKF11: 45865.4 | AKG11: 45924.9 | AKH11: 45984.4 | AKI11: 46043.9 | AKJ11: 46103.4 | AKK11: 46162.9 | AKL11: 46222.4 | AKM11: 46282 | AKN11: 46341.5 | AKO11: 46401.1 | AKP11: 46460.6 | AKQ11: 46520.2 | AKR11: 46579.8 | AKS11: 46639.4 | AKT11: 46699 | AKU11: 46758.6 | AKV11: 46818.2 | AKW11: 46877.8 | AKX11: 46937.5 | AKY11: 46997.1 | AKZ11: 47056.8 | ALA11: 47116.4 | ALB11: 47176.1 | ALC11: 47235.7 | ALD11: 47295.4 | ALE11: 47355.1 | ALF11: 47414.8 | ALG11: 47474.5 | ALH11: 47534.2 | ALI11: 47593.9 | ALJ11: 47653.7 | ALK11: 47713.4 | ALL11: 47773.1 | ALM11: 47832.9 | ALN11: 47892.6 | ALO11: 47952.4 | ALP11: 48012.2
